gen,pop20,pop50,pop100,pop1000
0,2308.810217,2397.60432,2484.659442,2673.966644
1,2374.784452,2486.146582,2564.827736,2750.208192
2,2434.271677,2553.867651,2628.680383,2808.446674
3,2485.004246,2617.174657,2699.215719,2880.130787
4,2523.477722,2670.853582,2750.681588,2929.785932
5,2558.589285,2715.635753,2796.015282,2973.212976
6,2588.883741,2750.994881,2838.865505,2993.903099
7,2611.955878,2784.671102,2863.433412,3008.168632
8,2637.208602,2810.641547,2893.296371,3016.407503
9,2656.405263,2823.304258,2916.013509,3021.776754
10,2674.762942,2844.045447,2930.885056,3026.245775
11,2692.117714,2861.118147,2942.081463,3029.85921
12,2709.114464,2877.806438,2952.649647,3032.957078
13,2720.496674,2887.136269,2962.984296,3035.293935
14,2732.397656,2899.516433,2973.393674,3037.267339
15,2746.022713,2906.460919,2977.802815,3038.506435
16,2755.095302,2911.936794,2982.336341,3039.766094
17,2762.957866,2916.787004,2987.827343,3041.105983
18,2770.832133,2921.700434,2992.27763,3041.98986
19,2778.198848,2926.512677,2996.480167,3042.586421
20,2784.61328,2931.607526,2998.636151,3043.167648
21,2790.64396,2934.886893,3000.321376,3043.56465
22,2797.216035,2938.086108,3003.262582,3043.963785
23,2802.281897,2939.836607,3005.426118,3044.322217
24,2808.35854,2942.08346,3007.780684,3044.667669
25,2813.475327,2946.036623,3010.836881,3044.810605
26,2818.844354,2947.389398,3012.214847,3044.903605
27,2823.207123,2949.474545,3013.252864,3045.041875
28,2826.962493,2951.374661,3013.915644,3045.188624
29,2830.105829,2952.792103,3014.894309,3045.25185
30,2833.216141,2954.213872,3015.589748,3045.402808
31,2836.774385,2955.802977,3016.454541,3045.42637
32,2839.711761,2956.424446,3016.820921,3045.538863
33,2842.581012,2956.904877,3019.367182,3045.622075
34,2845.320667,2957.218835,3019.700747,3045.651233
35,2847.777024,2958.803539,3020.366352,3045.651233
36,2850.337051,2959.593459,3020.878283,3045.69436
37,2852.485311,2960.281294,3022.729739,3045.7796
38,2854.816547,2960.834667,3023.147938,3045.7796
39,2856.85095,2962.201136,3023.447565,3045.7796
40,2859.148429,2962.638152,3023.778714,3045.813003
41,2860.674413,2963.366406,3023.86462,3045.813003
42,2862.944873,2963.855332,3024.004275,3045.813003
43,2864.960991,2964.355182,3024.264886,3045.813003
44,2866.583762,2964.776513,3024.462127,3045.813003
45,2867.825452,2964.990692,3024.913766,3045.829868
46,2869.396317,2966.461979,3024.967416,3045.829868
47,2870.518072,2967.67861,3025.02562,3045.829868
48,2872.283282,2968.958908,3025.160196,3045.829868
49,2874.291937,2971.100274,3025.391949,3045.845311
50,2875.396823,2971.521372,3025.585122,3045.845311
51,2877.19172,2973.232495,3026.108196,3045.845311
52,2879.103454,2973.75077,3026.122306,3045.852194
53,2880.324859,2973.911085,3026.315482,3045.852194
54,2881.508435,2977.0781,3026.480578,3045.852194
55,2883.387622,2977.831029,3026.499518,3045.852194
56,2884.36075,2978.135262,3026.662878,3045.885448
57,2885.506653,2979.008011,3027.035926,3045.885448
58,2886.542122,2979.912826,3027.092405,3045.885448
59,2887.906778,2980.445511,3027.196059,3045.885448
60,2889.569842,2980.830079,3027.295094,3045.885448
61,2891.004176,2981.88775,3027.328331,3045.885448
62,2892.259131,2983.334122,3027.362068,3045.921436
63,2892.968567,2984.124549,3027.618519,3045.921436
64,2893.788185,2984.356427,3027.792275,3045.921436
65,2895.010338,2985.327326,3027.94928,3045.921436
66,2895.872135,2986.400583,3027.994321,3045.921436
67,2896.838232,2986.648957,3028.247483,3045.954838
68,2897.479774,2986.717181,3028.338514,3045.954838
69,2898.585014,2986.803667,3028.421262,3045.954838
70,2899.763955,2986.901045,3028.648585,3045.954838
71,2901.024486,2987.147711,3028.662444,3045.954838
72,2901.88666,2987.637897,3028.752208,3045.954838
73,2902.742461,2987.879831,3028.847187,3045.954838
74,2903.886209,2988.010552,3028.880822,3045.954838
75,2904.874866,2988.015731,3029.03791,3045.954838
76,2905.24353,2988.218682,3029.186718,3045.954838
77,2905.900098,2988.411217,3029.186718,3045.954838
78,2906.418544,2988.813486,3029.193817,3045.954838
79,2906.934721,2988.998691,3029.235778,3045.954838
80,2907.478454,2989.095121,3029.279991,3045.969576
81,2908.3001,2990.218732,3029.294743,3045.969576
82,2908.768167,2990.4121,3029.340519,3045.969576
83,2909.749452,2990.830111,3029.356417,3045.969576
84,2910.816822,2991.314159,3029.416873,3045.969576
85,2911.22493,2991.436326,3029.536719,3045.969576
86,2911.916274,2991.562136,3029.577203,3045.969576
87,2912.437587,2991.636347,3029.693336,3045.969576
88,2913.08389,2991.890952,3029.693336,3045.969576
89,2913.538022,2992.191148,3029.693336,3045.969576
90,2914.024189,2992.665515,3029.729323,3045.969576
91,2914.872097,2992.812788,3029.751585,3045.969576
92,2915.339026,2992.933855,3029.762412,3045.969576
93,2915.665425,2993.018108,3029.810134,3045.969576
94,2916.151664,2993.171234,3029.810134,3045.969576
95,2916.551826,2993.280238,3029.816063,3045.969576
96,2917.15712,2993.327798,3029.816063,3045.981671
97,2917.455556,2993.384504,3029.816946,3045.981671
98,2917.69743,2993.469634,3029.816946,3045.981671
99,2918.556225,2995.229855,3029.816946,3045.981671
100,2918.763363,2995.266607,3029.826119,3045.981671
101,2919.120769,2995.36118,3029.826119,3045.981671
102,2919.322352,2995.463438,3029.865606,3045.981671
103,2919.526432,2995.553879,3029.893219,3045.981671
104,2919.932007,2996.651437,3029.893219,3045.981671
105,2920.369025,2996.657267,3029.919345,3045.981671
106,2920.792406,2996.677196,3029.940317,3045.981671
107,2921.409722,2996.705495,3029.973719,3045.987316
108,2922.10622,2996.729384,3029.973719,3045.993523
109,2922.537617,2997.689386,3030.015188,3045.993523
110,2923.019845,2997.709605,3030.060715,3045.993523
111,2923.326788,2997.96609,3030.070045,3045.993523
112,2924.045789,2998.050298,3030.084115,3045.993523
113,2924.739377,2998.093892,3030.090239,3045.993523
114,2925.209868,2998.189504,3030.090239,3045.993523
115,2925.358076,2998.229372,3030.133329,3045.993523
116,2925.671747,2998.39349,3030.133329,3045.993523
117,2926.105388,2998.429125,3030.156004,3045.993523
118,2926.215234,2998.439588,3031.159953,3045.993523
119,2926.371695,2998.441436,3031.159953,3045.993523
120,2926.85453,2998.44782,3031.203043,3045.993523
121,2927.16059,2998.857554,3031.246133,3045.993523
122,2927.536732,2998.874256,3031.264502,3045.993523
123,2927.647547,2998.874256,3031.304696,3045.993523
124,2927.971358,2999.094927,3031.304696,3045.993523
125,2928.220131,2999.2162,3031.304696,3046.000493
126,2928.793117,2999.256402,3031.304696,3046.000493
127,2929.209121,2999.256402,3031.304696,3046.000493
128,2929.535568,2999.337831,3032.15486,3046.000493
129,2929.70856,3000.284806,3032.190484,3046.000493
130,2929.986333,3000.339747,3032.239195,3046.000493
131,2930.17972,3000.425682,3032.244366,3046.000493
132,2930.518798,3000.536022,3032.244366,3046.000493
133,2930.932983,3000.641828,3032.244366,3046.000493
134,2931.358699,3000.662864,3032.244366,3046.000493
135,2931.484513,3000.787225,3032.284829,3046.000493
136,2932.116632,3000.833184,3032.284829,3046.000493
137,2932.254174,3001.001628,3032.284829,3046.000493
138,2932.689297,3001.014935,3032.302895,3046.000493
139,2932.848919,3001.126846,3032.302895,3046.000493
140,2933.341647,3001.169956,3032.302895,3046.000493
141,2933.490942,3001.229024,3032.302895,3046.000493
142,2933.646634,3001.229024,3032.302895,3046.000493
143,2934.010684,3001.229024,3032.302895,3046.000493
144,2934.405545,3003.366452,3032.302895,3046.000493
145,2934.995952,3003.591079,3032.302895,3046.000493
146,2935.43951,3003.631274,3032.302895,3046.000493
147,2935.852696,3003.672728,3032.302895,3046.000493
148,2936.22094,3003.698391,3032.337906,3046.007376
149,2936.739424,3005.263595,3032.337906,3046.007376
150,2937.245525,3005.266858,3032.337906,3046.022819
151,2937.46218,3005.332222,3032.337906,3046.022819
152,2937.632696,3005.332222,3032.337906,3046.022819
153,2938.083222,3005.332222,3032.337906,3046.022819
154,2938.551864,3005.377991,3032.345392,3046.022819
155,2938.865997,3005.459209,3032.345392,3046.022819
156,2939.046689,3005.459209,3032.345392,3046.022819
157,2939.206583,3005.517499,3032.345392,3046.022819
158,2939.664083,3005.517499,3032.372526,3046.022819
159,2940.07,3005.517499,3032.372526,3046.022819
160,2940.519685,3005.535814,3032.372526,3046.022819
161,2940.76305,3005.535814,3032.372526,3046.025501
162,2941.128687,3005.678956,3032.391466,3046.025501
163,2941.473848,3005.678956,3032.391466,3046.025501
164,2941.913501,3005.678956,3032.404473,3046.025501
165,2942.118716,3005.678956,3032.418927,3046.025501
166,2942.236782,3005.722121,3032.418927,3046.025501
167,2942.313672,3005.755491,3032.418927,3046.025501
168,2942.674329,3005.795975,3032.443209,3046.025501
169,2942.805843,3005.795975,3032.443209,3046.025501
170,2942.919352,3005.826099,3032.443209,3046.025501
171,2943.056602,3006.1136,3032.476612,3046.025501
172,2943.535687,3006.597941,3032.476612,3046.025501
173,2943.802475,3006.597941,3032.519718,3046.025501
174,2944.171514,3006.678346,3032.519718,3046.025501
175,2944.372083,3008.136547,3032.527798,3046.025501
176,2944.443586,3008.222551,3032.527798,3046.025501
177,2944.786217,3008.222551,3032.527798,3046.025501
178,2944.927698,3008.222551,3032.527798,3046.025501
179,2945.415707,3009.497891,3032.527798,3046.025501
180,2945.61368,3009.497891,3032.527798,3046.025501
181,2945.798129,3009.504624,3032.548404,3046.025501
182,2946.092292,3009.545095,3032.548404,3046.025501
183,2946.28681,3009.545095,3032.548404,3046.025501
184,2946.664171,3009.545095,3032.548404,3046.025501
185,2946.850681,3009.545313,3032.548404,3046.025501
186,2947.18743,3009.545313,3032.548404,3046.025501
187,2947.382354,3009.570479,3032.548404,3046.025501
188,2947.906327,3009.575974,3032.548404,3046.025501
189,2948.171148,3009.575974,3032.588319,3046.025501
190,2948.481941,3009.575974,3032.588319,3046.025501
191,2948.917101,3009.575974,3032.588319,3046.025501
192,2949.514208,3009.575974,3032.588319,3046.025501
193,2949.573137,3009.575974,3032.588319,3046.025501
194,2949.995758,3009.575974,3032.588319,3046.025501
195,2950.322207,3010.367277,3032.588319,3046.025501
196,2950.720734,3010.367277,3032.588319,3046.025501
197,2950.747578,3010.458752,3032.588319,3046.025501
198,2950.800496,3011.497429,3032.588319,3046.025501
199,2950.892421,3011.497429,3032.588319,3046.025501
200,2950.984824,3011.497429,3032.588319,3046.025501
201,2951.024303,3011.569175,3032.588319,3046.025501
202,2951.128092,3011.586652,3032.588319,3046.025501
203,2951.55449,3011.586652,3032.588319,3046.025501
204,2951.782718,3011.586652,3032.588319,3046.025501
205,2952.206003,3013.335258,3032.588319,3046.025501
206,2952.581551,3013.335258,3032.588319,3046.025501
207,2953.155036,3013.335258,3032.588319,3046.025501
208,2953.326395,3013.375453,3032.588319,3046.025501
209,2953.562397,3013.375453,3032.588319,3046.025501
210,2953.728419,3015.062065,3032.588319,3046.025501
211,2953.85796,3015.140973,3032.588319,3046.025501
212,2954.249312,3015.156586,3032.588319,3046.025501
213,2954.417479,3015.156586,3032.588319,3046.031146
214,2954.726461,3015.196501,3032.588319,3046.031146
215,2954.838153,3015.196501,3032.588319,3046.031146
216,2955.029973,3015.247946,3032.588319,3046.031146
217,2955.250338,3015.247946,3032.588319,3046.031146
218,2955.487168,3015.272973,3032.588319,3046.031146
219,2955.703453,3015.31261,3032.588319,3046.031146
220,2955.980571,3015.358131,3032.588319,3046.031146
221,2956.33214,3015.358131,3032.588319,3046.031146
222,2956.409745,3015.394146,3032.588319,3046.031146
223,2956.679115,3016.091247,3032.588319,3046.031146
224,2956.815632,3016.37406,3032.588319,3046.031146
225,2957.262754,3016.922141,3032.588319,3046.031146
226,2957.746347,3017.100767,3032.588319,3046.031146
227,2957.860966,3017.100767,3032.588319,3046.031146
228,2958.156118,3017.100767,3032.588319,3046.031146
229,2958.368644,3018.38608,3032.588319,3046.031146
230,2958.648201,3018.38608,3032.588319,3046.031146
231,2958.789179,3018.479084,3032.588319,3046.031146
232,2958.949705,3018.756258,3032.588319,3046.031146
233,2959.203628,3018.889555,3032.588319,3046.031146
234,2959.491791,3018.889555,3032.588319,3046.031146
235,2959.567504,3018.927077,3032.588319,3046.031146
236,2959.998628,3018.927077,3032.588319,3046.031146
237,2960.244671,3018.930342,3032.588319,3046.031146
238,2960.355897,3019.00417,3032.588319,3046.031146
239,2960.502875,3019.00618,3032.588319,3046.031146
240,2960.717438,3019.00618,3032.588319,3046.031146
241,2960.911436,3019.00618,3032.588319,3046.031146
242,2961.066083,3019.00618,3032.588319,3046.031146
243,2961.387405,3019.00618,3032.588319,3046.031146
244,2961.767546,3019.017006,3032.588319,3046.031146
245,2962.179394,3019.054307,3032.588319,3046.031146
246,2962.738875,3019.054307,3032.588319,3046.031146
247,2962.974296,3019.054307,3032.588319,3046.031146
248,2963.118723,3019.054307,3032.588319,3046.031146
249,2963.730137,3019.054307,3032.588319,3046.031146
250,2963.785838,3019.054307,3032.588319,3046.031146
251,2964.189831,3019.153275,3032.588319,3046.031146
252,2964.369371,3019.153275,3032.588319,3046.031146
253,2964.678472,3019.199116,3032.588319,3046.031146
254,2964.831817,3019.200941,3032.588319,3046.031146
255,2964.876479,3019.200941,3032.588319,3046.046589
256,2965.135482,3019.200941,3032.588319,3046.046589
257,2965.322224,3019.200941,3032.588319,3046.046589
258,2965.448713,3019.200941,3032.588319,3046.046589
259,2965.701957,3019.241411,3032.588319,3046.046589
260,2966.430275,3019.247321,3032.588319,3046.046589
261,2966.559584,3019.247321,3032.588319,3046.046589
262,2966.599379,3019.247321,3032.588319,3046.046589
263,2966.630387,3019.247321,3032.588319,3046.046589
264,2966.828735,3019.247321,3032.588319,3046.046589
265,2967.396005,3019.247321,3032.588319,3046.046589
266,2967.613189,3019.247321,3032.588319,3046.046589
267,2968.006119,3019.247321,3032.588319,3046.046589
268,2968.244115,3019.705558,3032.588319,3046.046589
269,2968.664641,3019.705558,3032.588319,3046.052234
270,2968.725658,3019.705558,3032.588319,3046.060561
271,2968.810832,3020.267496,3032.588319,3046.060561
272,2968.939184,3020.389531,3032.588319,3046.060561
273,2969.191714,3020.522414,3032.588319,3046.060561
274,2969.353103,3020.522414,3032.588319,3046.060561
275,2969.534535,3020.522414,3032.588319,3046.060561
276,2969.74611,3020.522414,3032.588319,3046.060561
277,2970.010167,3020.648185,3032.588319,3046.060561
278,2970.488495,3020.906137,3032.588319,3046.060561
279,2970.731189,3020.922574,3032.588319,3046.060561
280,2971.049999,3020.922574,3032.588319,3046.060561
281,2971.083526,3020.922574,3032.588319,3046.060561
282,2971.127076,3020.948852,3032.588319,3046.060561
283,2971.231409,3020.978976,3032.588319,3046.060561
284,2971.721371,3020.978976,3032.588319,3046.060561
285,2971.827139,3020.978976,3032.588319,3046.060561
286,2972.258144,3021.008094,3032.588319,3046.060561
287,2972.524854,3021.008094,3032.588319,3046.060561
288,2972.750923,3021.008094,3032.588319,3046.060561
289,2972.808925,3021.010989,3032.588319,3046.060561
290,2973.010948,3021.049142,3032.588319,3046.060561
291,2973.324882,3021.069412,3032.588319,3046.060561
292,2973.469706,3021.069412,3032.588319,3046.060561
293,2973.587575,3021.069412,3032.603056,3046.060561
294,2973.600624,3021.108014,3032.603056,3046.060561
295,2973.919889,3021.147385,3032.603056,3046.060561
296,2974.250688,3021.147385,3032.603056,3046.060561
297,2974.530517,3021.147447,3032.603056,3046.060561
298,2974.724197,3021.181751,3032.603056,3046.060561
299,2974.79447,3021.181751,3032.603056,3046.060561
300,2975.029636,3021.221713,3032.603056,3046.060561
301,2975.121855,3021.221713,3032.603056,3046.060561
302,2975.48599,3021.221713,3032.603056,3046.060561
303,2975.689147,3021.221713,3032.603056,3046.060561
304,2975.877351,3021.221713,3032.603056,3046.060561
305,2975.928829,3021.221713,3032.603056,3046.060561
306,2976.344844,3021.221713,3032.603056,3046.060561
307,2976.462023,3021.221713,3032.603056,3046.060561
308,2977.03449,3021.221713,3032.603056,3046.060561
309,2977.151702,3021.221713,3032.603056,3046.060561
310,2977.607487,3021.221713,3032.603056,3046.060561
311,2977.730174,3021.221713,3032.603056,3046.060561
312,2978.161308,3021.221713,3032.603056,3046.060561
313,2978.396285,3021.221713,3032.603056,3046.060561
314,2978.513242,3021.221713,3032.603056,3046.060561
315,2978.606846,3021.221713,3032.603056,3046.060561
316,2978.72378,3021.224897,3032.603056,3046.060561
317,2978.849582,3021.224897,3032.603056,3046.060561
318,2979.09319,3021.224897,3032.603056,3046.060561
319,2979.311586,3021.224897,3032.603056,3046.060561
320,2979.347878,3021.224897,3032.603056,3046.060561
321,2979.652006,3021.224897,3032.603056,3046.060561
322,2979.80011,3021.224897,3032.603056,3046.060561
323,2979.98111,3021.224897,3032.603056,3046.060561
324,2980.092346,3021.224897,3032.603056,3046.060561
325,2980.652961,3021.286425,3032.603056,3046.060561
326,2980.906662,3021.286425,3032.603056,3046.060561
327,2981.012599,3021.286425,3032.603056,3046.060561
328,2981.2285,3021.286425,3032.603056,3046.060561
329,2981.364471,3021.286425,3032.603056,3046.060561
330,2981.642911,3021.286425,3032.603056,3046.060561
331,2981.857614,3021.286425,3032.603056,3046.060561
332,2981.947131,3021.286425,3032.603056,3046.060561
333,2982.073425,3021.286425,3032.603056,3046.060561
334,2982.270657,3021.286425,3032.603056,3046.060561
335,2982.524037,3021.286425,3032.603056,3046.060561
336,2982.606894,3021.286425,3032.603056,3046.060561
337,2983.279933,3021.296813,3032.603056,3046.060561
338,2983.326106,3021.296813,3032.603056,3046.060561
339,2983.655406,3021.296813,3032.603056,3046.060561
340,2983.679569,3021.296813,3032.603056,3046.060561
341,2984.002923,3021.296813,3032.603056,3046.060561
342,2984.383521,3021.296813,3032.603056,3046.060561
343,2984.536987,3021.296813,3032.603056,3046.060561
344,2984.596446,3021.296813,3032.603056,3046.060561
345,2984.61909,3021.349387,3032.603056,3046.060561
346,2985.039633,3021.349387,3032.603056,3046.060561
347,2985.380888,3021.349387,3032.603056,3046.060561
348,2985.606458,3021.349387,3032.603056,3046.060561
349,2985.669191,3021.349387,3032.603056,3046.060561
350,2986.149758,3021.349387,3032.603056,3046.060561
351,2986.285968,3021.349387,3032.603056,3046.060561
352,2986.400159,3021.349387,3032.603056,3046.060561
353,2986.455165,3021.349387,3032.603056,3046.060561
354,2986.476589,3021.349387,3032.603056,3046.060561
355,2986.668917,3021.349387,3032.603056,3046.060561
356,2986.679172,3021.349387,3032.603056,3046.060561
357,2986.726001,3021.349387,3032.603056,3046.060561
358,2986.917793,3021.349387,3032.603056,3046.060561
359,2987.002831,3021.349387,3032.603056,3046.060561
360,2987.348429,3021.349387,3032.603056,3046.060561
361,2987.614581,3021.349387,3032.603056,3046.060561
362,2988.083416,3021.349387,3032.603056,3046.060561
363,2988.093942,3021.349387,3032.603056,3046.060561
364,2988.210767,3021.349387,3032.603056,3046.060561
365,2988.404263,3021.349387,3032.603056,3046.060561
366,2988.448131,3021.349387,3032.603056,3046.060561
367,2988.635595,3021.349387,3032.603056,3046.060561
368,2988.724729,3021.349387,3032.603056,3046.071949
369,2989.005174,3021.349387,3032.603056,3046.071949
370,2989.046797,3021.349387,3032.603056,3046.071949
371,2989.428503,3021.349387,3032.603056,3046.071949
372,2989.489047,3021.349387,3032.603056,3046.071949
373,2989.675894,3021.349387,3032.603056,3046.071949
374,2989.691841,3021.349387,3032.603056,3046.071949
375,2989.70757,3021.349387,3032.603056,3046.071949
376,2989.802866,3021.349387,3032.603056,3046.071949
377,2990.091999,3021.349387,3032.603056,3046.071949
378,2990.219474,3021.349387,3032.603056,3046.071949
379,2990.391576,3021.349387,3032.603056,3046.071949
380,2990.408031,3021.349387,3032.603056,3046.071949
381,2990.525177,3021.349387,3032.603056,3046.071949
382,2990.672847,3021.349387,3032.603056,3046.071949
383,2990.726042,3021.349387,3032.603056,3046.071949
384,2990.852199,3021.349387,3032.603056,3046.071949
385,2990.87806,3021.349387,3032.603056,3046.071949
386,2990.964609,3021.349387,3032.603056,3046.071949
387,2991.234101,3021.349387,3032.603056,3046.071949
388,2991.317724,3021.349387,3032.603056,3046.071949
389,2991.761566,3021.349387,3032.603056,3046.077593
390,2991.861143,3021.349387,3032.603056,3046.077593
391,2992.087338,3021.349387,3032.603056,3046.077593
392,2992.163736,3021.349387,3032.603056,3046.077593
393,2992.200385,3021.349387,3032.603056,3046.077593
394,2992.359795,3021.349387,3032.617794,3046.077593
395,2992.390709,3021.349387,3032.617794,3046.077593
396,2992.609153,3021.349387,3032.617794,3046.077593
397,2992.804878,3021.349387,3032.617794,3046.077593
398,2992.949286,3021.349387,3032.617794,3046.077593
399,2993.03628,3021.349387,3032.617794,3046.077593
400,2993.155982,3021.349387,3032.617794,3046.077593
401,2993.364652,3021.349387,3032.617794,3046.077593
402,2993.472649,3021.349387,3032.617794,3046.077593
403,2993.620025,3021.349387,3032.617794,3046.077593
404,2993.72861,3021.349387,3032.617794,3046.077593
405,2993.754704,3021.349387,3032.617794,3046.077593
406,2993.849542,3021.349387,3032.617794,3046.077593
407,2993.863081,3021.349387,3032.617794,3046.077593
408,2994.346409,3021.349387,3032.617794,3046.077593
409,2994.459702,3021.349387,3032.617794,3046.077593
410,2994.953819,3021.349387,3032.617794,3046.077593
411,2995.005181,3021.349387,3032.617794,3046.077593
412,2995.066432,3021.349387,3032.617794,3046.077593
413,2995.237307,3021.349387,3032.617794,3046.077593
414,2995.318829,3021.349387,3032.617794,3046.077593
415,2995.447358,3021.349387,3032.617794,3046.077593
416,2995.460811,3021.349387,3032.617794,3046.077593
417,2995.609621,3021.349387,3032.617794,3046.077593
418,2995.737177,3021.349387,3032.617794,3046.077593
419,2995.750029,3021.349387,3032.617794,3046.077593
420,2995.777063,3023.445419,3032.617794,3046.077593
421,2996.006393,3023.445419,3032.617794,3046.077593
422,2996.012088,3023.445419,3032.617794,3046.077593
423,2996.32045,3023.445419,3032.617794,3046.093037
424,2996.453209,3023.445419,3032.617794,3046.093037
425,2996.853526,3023.445419,3032.617794,3046.093037
426,2996.884834,3023.471049,3032.617794,3046.093037
427,2997.068671,3023.557494,3032.617794,3046.093037
428,2997.229663,3023.669155,3032.617794,3046.093037
429,2997.467647,3023.669155,3032.617794,3046.093037
430,2997.692627,3024.48573,3032.617794,3046.093037
431,2998.056141,3024.48573,3032.617794,3046.114688
432,2998.133325,3024.718119,3032.617794,3046.114688
433,2998.196384,3024.718119,3032.617794,3046.114688
434,2998.324475,3024.718119,3032.617794,3046.114688
435,2998.442753,3024.718119,3032.617794,3046.114688
436,2998.483739,3024.718119,3032.617794,3046.114688
437,2998.536745,3024.782184,3032.617794,3046.114688
438,2998.544137,3024.782184,3032.617794,3046.114688
439,2998.631079,3024.877909,3032.617794,3046.114688
440,2998.699763,3024.877909,3032.617794,3046.114688
441,2998.965531,3024.877909,3032.617794,3046.114688
442,2999.08463,3024.877909,3032.617794,3046.114688
443,2999.169443,3024.952846,3032.617794,3046.114688
444,2999.200088,3024.957079,3032.617794,3046.114688
445,2999.329043,3024.957079,3032.617794,3046.114688
446,2999.349033,3024.957079,3032.617794,3046.114688
447,2999.459186,3024.957079,3032.617794,3046.114688
448,2999.594808,3025.022541,3032.617794,3046.114688
449,2999.618157,3025.022541,3032.617794,3046.114688
450,2999.641905,3025.022541,3032.617794,3046.114688
451,2999.677313,3025.022541,3032.617794,3046.114688
452,2999.851806,3025.022541,3032.617794,3046.114688
453,2999.868904,3025.022541,3032.617794,3046.114688
454,2999.897539,3025.022541,3032.617794,3046.114688
455,3000.133397,3025.022541,3032.617794,3046.114688
456,3000.277232,3025.022541,3032.617794,3046.114688
457,3000.462195,3025.022541,3032.617794,3046.114688
458,3000.761222,3025.022541,3032.617794,3046.114688
459,3000.769889,3025.022541,3032.617794,3046.114688
460,3000.771916,3025.022541,3032.617794,3046.124496
461,3001.19923,3025.022541,3032.617794,3046.124496
462,3001.297562,3025.022541,3032.617794,3046.124496
463,3001.340464,3025.022541,3032.617794,3046.124496
464,3001.555588,3025.022541,3032.617794,3046.124496
465,3001.582755,3025.022541,3032.617794,3046.124496
466,3001.679516,3025.022541,3032.617794,3046.124496
467,3001.805599,3025.022541,3032.617794,3046.124496
468,3001.811705,3025.022541,3032.617794,3046.124496
469,3001.901909,3025.022541,3032.617794,3046.124496
470,3001.954421,3025.022541,3032.617794,3046.124496
471,3002.058013,3025.022541,3032.617794,3046.127179
472,3002.078124,3025.022541,3032.617794,3046.127179
473,3002.340005,3025.022541,3032.617794,3046.127179
474,3002.515648,3025.022541,3032.617794,3046.127179
475,3002.556036,3025.022541,3032.617794,3046.127179
476,3002.80005,3025.022541,3032.617794,3046.127179
477,3002.840081,3025.022541,3032.617794,3046.127179
478,3002.873312,3025.022541,3032.617794,3046.127179
479,3002.896148,3025.022541,3032.617794,3046.127179
480,3002.905839,3025.022541,3032.617794,3046.127179
481,3002.98035,3025.022541,3032.617794,3046.127179
482,3003.118823,3025.022541,3032.617794,3046.127179
483,3003.15092,3025.022541,3032.617794,3046.127179
484,3003.170938,3025.022541,3032.626121,3046.127179
485,3003.239713,3025.022541,3032.626121,3046.127179
486,3003.286259,3025.022541,3032.626121,3046.127179
487,3003.433206,3025.022541,3032.626121,3046.127179
488,3003.586026,3025.022541,3032.626121,3046.127179
489,3003.591958,3025.022541,3032.655302,3046.127179
490,3003.748034,3025.022541,3032.655302,3046.127179
491,3003.751883,3025.022541,3032.655302,3046.127179
492,3003.81149,3025.022541,3032.655302,3046.127179
493,3003.92531,3025.022541,3032.655302,3046.127179
494,3004.039172,3025.022541,3032.655302,3046.128592
495,3004.048055,3025.022541,3032.655302,3046.128592
496,3004.071791,3025.022541,3032.655302,3046.128592
497,3004.098722,3025.022541,3032.661427,3046.128592
498,3004.293407,3025.022541,3032.661427,3046.128592
499,3004.398726,3025.022541,3032.661427,3046.128592
500,3004.588073,3025.022541,3032.661427,3046.128592
501,3004.590392,3025.022541,3032.661427,3046.128592
502,3004.608023,3025.022541,3032.661427,3046.128592
503,3004.663113,3025.022541,3032.661427,3046.128592
504,3004.869177,3025.022541,3032.661427,3046.128592
505,3004.958031,3025.022541,3032.661427,3046.128592
506,3005.296903,3025.022541,3032.661427,3046.128592
507,3005.335753,3025.022541,3032.661427,3046.128592
508,3005.357839,3025.022541,3032.661427,3046.128592
509,3005.533864,3025.022541,3032.661427,3046.128592
510,3005.682635,3025.022541,3032.661427,3046.128592
511,3006.057681,3025.022541,3032.661427,3046.128592
512,3006.127981,3025.022541,3032.668903,3046.128592
513,3006.362003,3025.022541,3032.711993,3046.128592
514,3006.371428,3025.022541,3032.711993,3046.128592
515,3006.4649,3025.022541,3032.711993,3046.128592
516,3006.4726,3025.022541,3032.711993,3046.128592
517,3006.516423,3025.022541,3032.711993,3046.128592
518,3006.562816,3025.022541,3032.711993,3046.128592
519,3006.563007,3025.022541,3032.711993,3046.128592
520,3006.6352,3025.022541,3032.711993,3046.128592
521,3006.979082,3025.022541,3032.711993,3046.135562
522,3007.013878,3025.022541,3032.711993,3046.135562
523,3007.013878,3025.022541,3032.711993,3046.135562
524,3007.023571,3025.022541,3032.711993,3046.135562
525,3007.040162,3025.022541,3032.711993,3046.135562
526,3007.043125,3025.022541,3032.711993,3046.135562
527,3007.097447,3025.022541,3032.711993,3046.135562
528,3007.158185,3025.022541,3032.711993,3046.135562
529,3007.336289,3025.022541,3032.711993,3046.135562
530,3007.336289,3025.022541,3032.711993,3046.142444
531,3007.355403,3025.022541,3032.711993,3046.142444
532,3007.738566,3025.022541,3032.711993,3046.142444
533,3007.793999,3025.022541,3032.711993,3046.142444
534,3007.800219,3025.022541,3032.711993,3046.142444
535,3007.801658,3025.022541,3032.711993,3046.142444
536,3007.813598,3025.022541,3032.711993,3046.142444
537,3007.814113,3025.022541,3032.711993,3046.142444
538,3007.824823,3025.022541,3032.711993,3046.142444
539,3007.831166,3025.022541,3032.711993,3046.142444
540,3007.861536,3025.022541,3032.711993,3046.142444
541,3007.890541,3025.022541,3032.711993,3046.142444
542,3008.05188,3025.022541,3032.711993,3046.142444
543,3008.056655,3025.022541,3032.711993,3046.142444
544,3008.056738,3025.022541,3032.711993,3046.142444
545,3008.075536,3025.022541,3032.717724,3046.142444
546,3008.132118,3025.074199,3032.717724,3046.142444
547,3008.302081,3025.074199,3032.717724,3046.142444
548,3008.308073,3025.074199,3032.717724,3046.142444
549,3008.321671,3025.074199,3032.717724,3046.142444
550,3008.372796,3025.074199,3032.741561,3046.142444
551,3008.384195,3025.074199,3032.741561,3046.142444
552,3008.393703,3025.074199,3032.741561,3046.142444
553,3008.494361,3025.074199,3032.741561,3046.142444
554,3008.560348,3025.074199,3032.741561,3046.142444
555,3008.569018,3025.074199,3032.741561,3046.142444
556,3008.60592,3025.074199,3032.741561,3046.142444
557,3008.609275,3025.074199,3032.741561,3046.142444
558,3008.617774,3025.074199,3032.741561,3046.142444
559,3008.62984,3025.074199,3032.741561,3046.142444
560,3008.67344,3025.074199,3032.741561,3046.142444
561,3008.87203,3025.074199,3032.741561,3046.142444
562,3008.881313,3025.074199,3032.741561,3046.142444
563,3009.012581,3025.074199,3032.741561,3046.142444
564,3009.330577,3025.074199,3032.752196,3046.142444
565,3009.351287,3025.088936,3032.752196,3046.142444
566,3009.354625,3025.088936,3032.752196,3046.142444
567,3009.43657,3025.088936,3032.752196,3046.142444
568,3009.48401,3025.088936,3032.752196,3046.142444
569,3009.59642,3025.088936,3032.752196,3046.142444
570,3009.600659,3025.088936,3032.752196,3046.142444
571,3009.63425,3025.088936,3032.752196,3046.142444
572,3009.772284,3025.088936,3032.752196,3046.142444
573,3009.821567,3025.088936,3032.752196,3046.142444
574,3009.879558,3025.088936,3032.752196,3046.142444
575,3009.901338,3025.088936,3032.752196,3046.142444
576,3009.90457,3025.088936,3032.752196,3046.142444
577,3010.040823,3025.088936,3032.752196,3046.142444
578,3010.049663,3025.088936,3032.752196,3046.142444
579,3010.243471,3025.088936,3032.752196,3046.142444
580,3010.256347,3025.088936,3032.752196,3046.142444
581,3010.28514,3025.088936,3032.752196,3046.142444
582,3010.443694,3025.088936,3032.752196,3046.142444
583,3010.537902,3025.088936,3032.752196,3046.142444
584,3010.561251,3025.088936,3032.752196,3046.142444
585,3010.584777,3025.088936,3032.752196,3046.142444
586,3010.589246,3025.088936,3032.752196,3046.142444
587,3010.67227,3025.088936,3032.752196,3046.142444
588,3010.67227,3025.088936,3032.752196,3046.142444
589,3010.856872,3025.088936,3032.752196,3046.142444
590,3010.856872,3025.088936,3032.752196,3046.142444
591,3010.908243,3025.088936,3032.752196,3046.142444
592,3010.947089,3025.088936,3032.752196,3046.142444
593,3010.959651,3025.088936,3032.752196,3046.142444
594,3010.964967,3025.088936,3032.752196,3046.142444
595,3010.964967,3025.088936,3032.752196,3046.142444
596,3010.968987,3025.088936,3032.752196,3046.142444
597,3010.982829,3025.088936,3032.752196,3046.142444
598,3011.004799,3025.088936,3032.752196,3046.142444
599,3011.017976,3025.088936,3032.752196,3046.142444
600,3011.01987,3025.088936,3032.752196,3046.142444
601,3011.174965,3025.088936,3032.752196,3046.142444
602,3011.177045,3025.088936,3032.752196,3046.142444
603,3011.195215,3025.088936,3032.752196,3046.142444
604,3011.430927,3025.088936,3032.752196,3046.142444
605,3011.431723,3025.088936,3032.752196,3046.142444
606,3011.653854,3025.846436,3032.752196,3046.142444
607,3011.657139,3025.846436,3032.752196,3046.142444
608,3011.689067,3025.846436,3032.752196,3046.142444
609,3011.701455,3026.158328,3032.752196,3046.142444
610,3011.706354,3026.158328,3032.752196,3046.142444
611,3011.83638,3026.158328,3032.752196,3046.142444
612,3011.884356,3026.158328,3032.752196,3046.142444
613,3012.108129,3026.158328,3032.752196,3046.142444
614,3012.112519,3026.158328,3032.752196,3046.142444
615,3012.124624,3026.158328,3032.752196,3046.142444
616,3012.139442,3026.158328,3032.752196,3046.142444
617,3012.146421,3026.158328,3032.752196,3046.142444
618,3012.268502,3026.158328,3032.752196,3046.142444
619,3012.275033,3026.158328,3032.752196,3046.142444
620,3012.334564,3026.158328,3032.752196,3046.142444
621,3012.343127,3026.158328,3032.752196,3046.142444
622,3012.344558,3026.241019,3032.752196,3046.142444
623,3012.35984,3026.241019,3032.752196,3046.142444
624,3012.36929,3026.29145,3032.752196,3046.153831
625,3012.51583,3026.29145,3032.752196,3046.153831
626,3012.540831,3026.29145,3032.752196,3046.153831
627,3012.552506,3026.29145,3032.752196,3046.153831
628,3012.552708,3026.29145,3032.752196,3046.153831
629,3012.554115,3026.29145,3032.752196,3046.153831
630,3012.554115,3026.314296,3032.752196,3046.153831
631,3012.691179,3026.314296,3032.752196,3046.153831
632,3012.715972,3026.314296,3032.752196,3046.153831
633,3012.720022,3026.314296,3032.752196,3046.153831
634,3012.749062,3026.314296,3032.752196,3046.153831
635,3012.749062,3026.314296,3032.752196,3046.153831
636,3012.749062,3026.314296,3032.752196,3046.153831
637,3012.761916,3026.314296,3032.752196,3046.153831
638,3012.800408,3026.314296,3032.752196,3046.161422
639,3012.820238,3026.314296,3032.752196,3046.161422
640,3012.823197,3026.314296,3032.752196,3046.161422
641,3012.846026,3026.34316,3032.752196,3046.161422
642,3012.861396,3026.34316,3032.752196,3046.161422
643,3012.865699,3026.34316,3032.752196,3046.161422
644,3012.900552,3026.34316,3032.752196,3046.161422
645,3012.99748,3026.34316,3032.752196,3046.161422
646,3013.039402,3026.395162,3032.752196,3046.161422
647,3013.039408,3026.395162,3032.752196,3046.161422
648,3013.113982,3026.395162,3032.752196,3046.161422
649,3013.118728,3026.942909,3032.752196,3046.161422
650,3013.128233,3026.942909,3032.752196,3046.161422
651,3013.131721,3026.942909,3032.752196,3046.161422
652,3013.141378,3026.942909,3032.752196,3046.161422
653,3013.200643,3026.942909,3032.752196,3046.161422
654,3013.260754,3026.942909,3032.752196,3046.161422
655,3013.309381,3026.942909,3032.752196,3046.161422
656,3013.362174,3026.942909,3032.752196,3046.161422
657,3013.385727,3026.942909,3032.752196,3046.161422
658,3013.389983,3026.942909,3032.752196,3046.161422
659,3013.394292,3026.942909,3032.752196,3046.161422
660,3013.411809,3026.942909,3032.752196,3046.161422
661,3013.41543,3026.942909,3032.752196,3046.161422
662,3013.424967,3026.942909,3032.752196,3046.161422
663,3013.435529,3026.942909,3032.752196,3046.161422
664,3013.450912,3026.942909,3032.752196,3046.161422
665,3013.453354,3026.942909,3032.752196,3046.161422
666,3013.47425,3026.942909,3032.752196,3046.161422
667,3013.485796,3026.942909,3032.752196,3046.161422
668,3013.604595,3026.942909,3032.752196,3046.161422
669,3013.607256,3026.942909,3032.752196,3046.161422
670,3013.714851,3026.942909,3032.752196,3046.161422
671,3013.718973,3026.942909,3032.752196,3046.161422
672,3013.727083,3026.942909,3032.752196,3046.167067
673,3013.731103,3026.942909,3032.752196,3046.167067
674,3013.957724,3026.942909,3032.752196,3046.167067
675,3013.973577,3026.942909,3032.752196,3046.167067
676,3013.997967,3026.942909,3032.752196,3046.167067
677,3014.000755,3026.942909,3032.752196,3046.167067
678,3014.053417,3026.942909,3032.752196,3046.167067
679,3014.053417,3026.942909,3032.752196,3046.167067
680,3014.059807,3026.942909,3032.752196,3046.167067
681,3014.060756,3026.942909,3032.752196,3046.167067
682,3014.066111,3026.942909,3032.752196,3046.167067
683,3014.070504,3026.942909,3032.752196,3046.167067
684,3014.075056,3026.942909,3032.752196,3046.167067
685,3014.150824,3026.942909,3032.752196,3046.167067
686,3014.253015,3026.942909,3032.752196,3046.167067
687,3014.27384,3026.942909,3032.752196,3046.167067
688,3014.324799,3026.942909,3032.752196,3046.167067
689,3014.328997,3026.942909,3032.752196,3046.167067
690,3014.332944,3026.942909,3032.752196,3046.167067
691,3014.332944,3026.942909,3032.752196,3046.167067
692,3014.342046,3026.942909,3032.752196,3046.167067
693,3014.342344,3026.942909,3032.752196,3046.167067
694,3014.345176,3026.942909,3032.752196,3046.167067
695,3014.374079,3026.942909,3032.752196,3046.167067
696,3014.443766,3026.942909,3032.752196,3046.167067
697,3014.44915,3026.942909,3032.752196,3046.167067
698,3014.484756,3026.942909,3032.752196,3046.167067
699,3014.48948,3026.942909,3032.752196,3046.167067
700,3014.493909,3026.942909,3032.752196,3046.167067
701,3014.493909,3026.942909,3032.752196,3046.167067
702,3014.494357,3026.942909,3032.752196,3046.169749
703,3014.495485,3026.942909,3032.752196,3046.169749
704,3014.551306,3026.942909,3032.752196,3046.169749
705,3014.5563,3026.942909,3032.752196,3046.169749
706,3014.587504,3026.942909,3032.752196,3046.169749
707,3014.593611,3026.942909,3032.752196,3046.169749
708,3014.717684,3026.942909,3032.752196,3046.169749
709,3014.813678,3026.987454,3032.752196,3046.169749
710,3014.813678,3026.987454,3032.752196,3046.169749
711,3014.823201,3026.987454,3032.752196,3046.169749
712,3014.893685,3026.987454,3032.752196,3046.169749
713,3015.088825,3026.987454,3032.752196,3046.169749
714,3015.090834,3026.987454,3032.752196,3046.169749
715,3015.189781,3026.987454,3032.752196,3046.169749
716,3015.192714,3026.987454,3032.752196,3046.169749
717,3015.204874,3026.987454,3032.752196,3046.169749
718,3015.294526,3026.987454,3032.752196,3046.169749
719,3015.319546,3026.987454,3032.752196,3046.169749
720,3015.319546,3026.987454,3032.752196,3046.169749
721,3015.319546,3026.987454,3032.752196,3046.169749
722,3015.411425,3026.987454,3032.752196,3046.169749
723,3015.417524,3026.987454,3032.752196,3046.169749
724,3015.649174,3026.987454,3032.752196,3046.169749
725,3015.652396,3026.987454,3032.752196,3046.169749
726,3015.652979,3026.987454,3032.752196,3046.169749
727,3015.656999,3026.987454,3032.752196,3046.169749
728,3015.656999,3026.987454,3032.752196,3046.169749
729,3015.658278,3026.987454,3032.752196,3046.169749
730,3015.658278,3026.987454,3032.752196,3046.169749
731,3015.658278,3026.987454,3032.752196,3046.169749
732,3015.740292,3026.987454,3032.752196,3046.169749
733,3015.740292,3026.987454,3032.752196,3046.169749
734,3015.783972,3026.987454,3032.752196,3046.169749
735,3015.844372,3026.987454,3032.752196,3046.169749
736,3015.846938,3026.987454,3032.752196,3046.169749
737,3015.846938,3026.987454,3032.752196,3046.169749
738,3015.850002,3026.987454,3032.752196,3046.169749
739,3015.854855,3026.987454,3032.752196,3046.169749
740,3015.857101,3026.987454,3032.752196,3046.17737
741,3015.861024,3026.987454,3032.752196,3046.17737
742,3015.861024,3026.987454,3032.752196,3046.17737
743,3015.861024,3026.987454,3032.752196,3046.17737
744,3015.865638,3026.987454,3032.752196,3046.17737
745,3015.865695,3026.987454,3032.752196,3046.17737
746,3015.868727,3026.987454,3032.752196,3046.17737
747,3015.878962,3026.987454,3032.752196,3046.17737
748,3015.878962,3026.987454,3032.752196,3046.17737
749,3015.878962,3026.987454,3032.752196,3046.17737
750,3015.940843,3026.987454,3032.752196,3046.17737
751,3015.943156,3026.987454,3032.752196,3046.192814
752,3015.943156,3026.987454,3032.752196,3046.192814
753,3015.943156,3026.987454,3032.752196,3046.192814
754,3015.966545,3026.987454,3032.752196,3046.192814
755,3016.076217,3026.987454,3032.752196,3046.192814
756,3016.140136,3026.987454,3032.752196,3046.192814
757,3016.262418,3026.987454,3032.752196,3046.192814
758,3016.512643,3026.987454,3032.752196,3046.192814
759,3016.526891,3026.987454,3032.752196,3046.192814
760,3016.538301,3026.987454,3032.75361,3046.192814
761,3016.538301,3026.987454,3032.75361,3046.192814
762,3016.560687,3026.987454,3032.75361,3046.192814
763,3016.599133,3026.987454,3032.75361,3046.192814
764,3016.60994,3026.987454,3032.75361,3046.192814
765,3016.613961,3026.987454,3032.75361,3046.192814
766,3016.616002,3026.987454,3032.75361,3046.192814
767,3016.618519,3026.987454,3032.75361,3046.192814
768,3016.618519,3026.987454,3032.75361,3046.201141
769,3016.813367,3026.987454,3032.75361,3046.201141
770,3016.827478,3026.987454,3032.75361,3046.201141
771,3016.829832,3026.987454,3032.75361,3046.201141
772,3016.907296,3026.987454,3032.75361,3046.201141
773,3016.915703,3026.987454,3032.75361,3046.201141
774,3016.926316,3026.987454,3032.75361,3046.201141
775,3016.928325,3026.987454,3032.75361,3046.201141
776,3016.928325,3026.987454,3032.75361,3046.201141
777,3016.928325,3026.987454,3032.75361,3046.201141
778,3016.932902,3026.987454,3032.75361,3046.201141
779,3016.932923,3026.987454,3032.75361,3046.201141
780,3016.934898,3026.987454,3032.75361,3046.201141
781,3016.964785,3026.987454,3032.75361,3046.201141
782,3016.968497,3026.987454,3032.75361,3046.201141
783,3016.971468,3026.987454,3032.75361,3046.201141
784,3017.115552,3026.987454,3032.75361,3046.207349
785,3017.115552,3026.987454,3032.75361,3046.207349
786,3017.201822,3026.987454,3032.75361,3046.207349
787,3017.201822,3026.987454,3032.75361,3046.207349
788,3017.201822,3026.987454,3032.75361,3046.207349
789,3017.202126,3026.987454,3032.75361,3046.207349
790,3017.365323,3026.987454,3032.75361,3046.207349
791,3017.365323,3026.987454,3032.75361,3046.207349
792,3017.368479,3026.987454,3032.75361,3046.207349
793,3017.416126,3026.987454,3032.75361,3046.214939
794,3017.434578,3026.987454,3032.75361,3046.214939
795,3017.453676,3026.987454,3032.75361,3046.220584
796,3017.459397,3026.987454,3032.75361,3046.220584
797,3017.488504,3026.987454,3032.75361,3046.220584
798,3017.488504,3026.987454,3032.75361,3046.220584
799,3017.55372,3026.987454,3032.75361,3046.220584
800,3017.56996,3026.987454,3032.75361,3046.220584
801,3017.571828,3026.987454,3032.75361,3046.220584
802,3017.577759,3026.987454,3032.75361,3046.220584
803,3017.584317,3026.987454,3032.75361,3046.220584
804,3017.589784,3026.987454,3032.75361,3046.220584
805,3017.589784,3026.987454,3032.75361,3046.220584
806,3017.589784,3026.987454,3032.75361,3046.220584
807,3017.589784,3026.987454,3032.75361,3046.220584
808,3017.605063,3026.987454,3032.75361,3046.220584
809,3017.620809,3026.987454,3032.75361,3046.220584
810,3017.622818,3026.987454,3032.75361,3046.220584
811,3017.622818,3026.987454,3032.75361,3046.220584
812,3017.634913,3026.987454,3032.75361,3046.220584
813,3017.643,3026.987454,3032.75361,3046.220584
814,3017.686155,3026.987454,3032.75361,3046.220584
815,3017.686155,3026.987454,3032.75361,3046.220584
816,3017.686155,3026.987454,3032.75361,3046.220584
817,3017.729085,3026.987454,3032.75361,3046.220584
818,3017.729085,3026.987454,3032.75361,3046.220584
819,3017.738185,3026.987454,3032.75361,3046.220584
820,3017.742331,3026.987454,3032.75361,3046.220584
821,3017.742331,3026.987454,3032.75361,3046.220584
822,3017.746909,3026.987454,3032.75361,3046.220584
823,3017.749274,3026.987454,3032.75361,3046.220584
824,3017.752909,3026.987454,3032.75361,3046.220584
825,3017.752909,3026.987454,3032.75361,3046.220584
826,3017.756248,3026.987454,3032.75361,3046.220584
827,3017.898999,3026.987454,3032.75361,3046.220584
828,3017.902594,3026.987454,3032.75361,3046.220584
829,3017.903327,3026.987454,3032.75361,3046.231971
830,3017.947685,3026.987454,3032.75361,3046.231971
831,3017.947685,3026.987454,3032.75361,3046.231971
832,3018.077296,3026.987454,3032.75361,3046.231971
833,3018.077296,3026.987454,3032.75361,3046.231971
834,3018.08269,3026.987454,3032.75361,3046.231971
835,3018.08269,3026.987454,3032.75361,3046.231971
836,3018.085005,3026.987454,3032.75361,3046.231971
837,3018.087448,3026.987454,3032.75361,3046.231971
838,3018.092006,3026.987454,3032.75361,3046.231971
839,3018.09348,3026.987454,3032.75361,3046.231971
840,3018.233616,3026.987454,3032.75361,3046.231971
841,3018.28629,3026.987454,3032.75361,3046.231971
842,3018.295002,3026.987454,3032.75361,3046.231971
843,3018.296941,3026.987454,3032.75361,3046.231971
844,3018.297723,3026.987454,3032.75361,3046.231971
845,3018.297723,3026.987454,3032.75361,3046.231971
846,3018.476463,3026.987454,3032.75361,3046.231971
847,3018.842719,3026.987454,3032.75361,3046.231971
848,3018.851215,3026.987454,3032.75361,3046.231971
849,3018.855231,3026.987454,3032.75361,3046.231971
850,3019.055529,3026.987454,3032.75361,3046.231971
851,3019.058592,3026.987454,3032.75361,3046.231971
852,3019.058592,3026.987454,3032.75361,3046.231971
853,3019.065219,3026.987454,3033.126045,3046.231971
854,3019.065408,3026.987454,3033.126045,3046.241783
855,3019.198156,3026.987454,3033.126045,3046.241783
856,3019.199805,3026.987454,3033.126045,3046.241783
857,3019.200887,3026.987454,3033.126045,3046.241783
858,3019.214035,3026.987454,3033.192563,3046.25011
859,3019.214035,3026.987454,3033.263633,3046.25011
860,3019.214035,3026.987454,3033.263633,3046.25011
861,3019.214035,3026.987454,3033.263633,3046.25011
862,3019.214035,3026.987454,3033.263633,3046.25011
863,3019.224236,3026.987454,3033.263633,3046.25011
864,3019.224236,3026.987454,3033.45172,3046.25011
865,3019.226039,3026.987454,3033.45172,3046.25011
866,3019.226039,3026.987454,3033.45172,3046.25011
867,3019.228299,3026.987454,3033.45172,3046.25011
868,3019.231363,3026.987454,3033.45172,3046.25011
869,3019.460407,3026.987454,3033.45172,3046.25011
870,3019.476765,3026.987454,3033.45172,3046.25011
871,3019.476765,3026.987454,3033.45172,3046.25011
872,3019.509587,3026.987454,3033.45172,3046.25011
873,3019.692846,3026.987454,3033.45172,3046.25011
874,3019.692846,3026.987454,3033.461669,3046.25011
875,3019.692846,3026.987454,3033.461669,3046.25011
876,3019.692846,3026.987454,3033.461669,3046.25011
877,3019.763788,3026.987454,3033.461669,3046.25011
878,3019.769506,3026.987454,3033.468,3046.25011
879,3019.816269,3026.987454,3033.468,3046.25011
880,3019.816269,3026.987454,3033.468,3046.25011
881,3019.962994,3026.987454,3033.479437,3046.25011
882,3019.964289,3026.987454,3033.479437,3046.25011
883,3019.987982,3026.987454,3033.479437,3046.25011
884,3019.988162,3026.987454,3033.479437,3046.25011
885,3020.003693,3026.987454,3033.479437,3046.25011
886,3020.008817,3026.987454,3033.479437,3046.25011
887,3020.038282,3026.987454,3033.64584,3046.25011
888,3020.038282,3026.987454,3033.64584,3046.25011
889,3020.038696,3026.987454,3033.64584,3046.25011
890,3020.12102,3026.987454,3033.64584,3046.25011
891,3020.128253,3026.987454,3033.64584,3046.25011
892,3020.153051,3026.987454,3033.716284,3046.25011
893,3020.22831,3026.987454,3033.716284,3046.25011
894,3020.234586,3026.987454,3033.716284,3046.265553
895,3020.243033,3026.987454,3033.716284,3046.265553
896,3020.280055,3026.987454,3033.716284,3046.265553
897,3020.372073,3026.987454,3033.716284,3046.265553
898,3020.377963,3026.987454,3033.716284,3046.265553
899,3020.387549,3026.987454,3033.741545,3046.265553
900,3020.390694,3026.987454,3033.741545,3046.265553
901,3020.410578,3026.987454,3033.741545,3046.265553
902,3020.410578,3026.987454,3033.741545,3046.265553
903,3020.410578,3026.987454,3033.741545,3046.265553
904,3020.410578,3026.987454,3033.741545,3046.265553
905,3020.432291,3026.987454,3033.741545,3046.265553
906,3020.435112,3027.023084,3033.741545,3046.265553
907,3020.435743,3027.023084,3033.741545,3046.265553
908,3020.435743,3027.023084,3033.741545,3046.265553
909,3020.435743,3027.023084,3033.741545,3046.265553
910,3020.435743,3027.023084,3033.741545,3046.265553
911,3020.435743,3027.023084,3033.741545,3046.265553
912,3020.435743,3027.023084,3033.741545,3046.265553
913,3020.435743,3027.023084,3033.750119,3046.265553
914,3020.435743,3027.023084,3033.750119,3046.265553
915,3020.435743,3027.023084,3033.750119,3046.265553
916,3020.435743,3027.023084,3033.750119,3046.265553
917,3020.435743,3027.023084,3033.750119,3046.265553
918,3020.435743,3027.023084,3033.750119,3046.265553
919,3020.435743,3027.023084,3033.750119,3046.265553
920,3020.435743,3027.023084,3033.750119,3046.265553
921,3020.438438,3027.023084,3033.802703,3046.265553
922,3020.438438,3027.023084,3033.843166,3046.265553
923,3020.438438,3027.023084,3033.843166,3046.265553
924,3020.438438,3027.023084,3033.843166,3046.265553
925,3020.447335,3027.023084,3033.845197,3046.265553
926,3020.45682,3027.023084,3033.845197,3046.265553
927,3020.45682,3027.023084,3033.852273,3046.265553
928,3020.45682,3027.023084,3033.852273,3046.265553
929,3020.47825,3027.023084,3033.852273,3046.265553
930,3020.481654,3027.023084,3033.860542,3046.265553
931,3020.481654,3027.023084,3033.860542,3046.265553
932,3020.48589,3027.023084,3033.860542,3046.265553
933,3020.573839,3027.023084,3033.860542,3046.265553
934,3020.577189,3027.023084,3033.860542,3046.265553
935,3020.577189,3027.023084,3033.860542,3046.265553
936,3020.584005,3027.023084,3033.860542,3046.265553
937,3020.584005,3027.023084,3033.860542,3046.265553
938,3020.584005,3027.023084,3033.860542,3046.265553
939,3020.584005,3027.023084,3033.860542,3046.265553
940,3020.666454,3027.023084,3033.860542,3046.265553
941,3020.666671,3027.023084,3033.868221,3046.265553
942,3020.66945,3027.023084,3033.868221,3046.265553
943,3020.66945,3027.023084,3033.868221,3046.265553
944,3020.67606,3027.023084,3033.868221,3046.265553
945,3020.676251,3027.023084,3033.868221,3046.265553
946,3020.678518,3027.023084,3033.892755,3046.265553
947,3020.678518,3027.023084,3033.892755,3046.265553
948,3020.67913,3027.023084,3033.892755,3046.265553
949,3020.67913,3027.023084,3033.892755,3046.265553
950,3020.86095,3027.023084,3033.892755,3046.265553
951,3020.872014,3027.023084,3033.892755,3046.265553
952,3020.872014,3027.023084,3033.892755,3046.265553
953,3020.876382,3027.023084,3033.892755,3046.265553
954,3020.876382,3027.023084,3033.892755,3046.265553
955,3020.879077,3027.023084,3033.892755,3046.265553
956,3020.882739,3027.023084,3033.892755,3046.265553
957,3020.901434,3027.023084,3033.892755,3046.265553
958,3020.901434,3027.023084,3033.892755,3046.265553
959,3020.985985,3027.023084,3033.892755,3046.265553
960,3020.985985,3027.023084,3033.892755,3046.265553
961,3020.987253,3027.023084,3033.892755,3046.265553
962,3020.988012,3027.023084,3033.892755,3046.265553
963,3020.988012,3027.023084,3033.892755,3046.265553
964,3020.988012,3027.023084,3033.892755,3046.265553
965,3020.988012,3027.023084,3033.892755,3046.265553
966,3020.988594,3027.023084,3033.892755,3046.272436
967,3020.988594,3027.023084,3033.956396,3046.272436
968,3020.99508,3027.023084,3033.956396,3046.272436
969,3020.99508,3027.023084,3033.956396,3046.272436
970,3020.99508,3027.023084,3033.956396,3046.272436
971,3020.99508,3027.023084,3033.956396,3046.272436
972,3020.99508,3027.023084,3033.956396,3046.272436
973,3020.99863,3027.023084,3033.956396,3046.272436
974,3021.037269,3027.023084,3033.956396,3046.272436
975,3021.084389,3027.023084,3033.956396,3046.272436
976,3021.084389,3027.023084,3033.956396,3046.272436
977,3021.084389,3027.023084,3033.956396,3046.272436
978,3021.088065,3027.023084,3033.956396,3046.272436
979,3021.092617,3027.023084,3033.956396,3046.272436
980,3021.092814,3027.023084,3033.956396,3046.272436
981,3021.092814,3027.023084,3033.956396,3046.272436
982,3021.093562,3027.023084,3033.956396,3046.272436
983,3021.093562,3027.023084,3033.956396,3046.272436
984,3021.093562,3027.023084,3033.956396,3046.272436
985,3021.093562,3027.023084,3033.956396,3046.272436
986,3021.093562,3027.023084,3033.956396,3046.272436
987,3021.098041,3027.023084,3033.956396,3046.272436
988,3021.098041,3027.023084,3033.956396,3046.272436
989,3021.098041,3027.023084,3033.956396,3046.272436
990,3021.098041,3027.023084,3033.956396,3046.272436
991,3021.098041,3027.023084,3033.956396,3046.272436
992,3021.098041,3027.023084,3033.956396,3046.272436
993,3021.098041,3027.023084,3033.956396,3046.272436
994,3021.098041,3027.023084,3033.956396,3046.272436
995,3021.098041,3027.023084,3033.956396,3046.272436
996,3021.098041,3027.023084,3033.956396,3046.272436
997,3021.098041,3027.023084,3033.956396,3046.272436
998,3021.098041,3027.023084,3033.970319,3046.272436
999,3021.09824,3027.023084,3033.970319,3046.272436