gen,bestchrom,roulette,tournament
0,2522.647623,2342.911203,2545.52111
1,2688.538897,2342.911203,2589.829572
2,2832.90374,2437.431229,2738.390298
3,2881.093538,2437.431229,2821.191925
4,2881.093538,2437.431229,2981.858113
5,2920.349882,2506.866849,2994.457409
6,2920.349882,2506.866849,3010.51545
7,2980.686709,2506.866849,3022.887959
8,2980.686709,2506.866849,3022.887959
9,2997.105102,2595.86387,3022.887959
10,2997.105102,2595.86387,3023.126659
11,3002.347936,2595.86387,3023.126659
12,3010.906525,2595.86387,3023.126659
13,3010.906525,2623.047815,3023.126659
14,3014.194023,2623.047815,3024.968054
15,3021.513986,2623.047815,3032.604403
16,3021.513986,2623.047815,3032.604403
17,3021.513986,2623.047815,3035.122451
18,3028.026882,2623.047815,3035.122451
19,3028.026882,2623.047815,3035.122451
20,3029.091764,2623.047815,3036.513145
21,3029.091764,2623.047815,3036.513145
22,3029.091764,2623.047815,3037.763764
23,3029.091764,2623.047815,3037.763764
24,3029.091764,2623.047815,3037.763764
25,3029.091764,2623.047815,3037.763764
26,3029.091764,2623.047815,3037.763764
27,3036.564494,2623.047815,3037.763764
28,3038.368957,2623.047815,3037.763764
29,3038.368957,2623.047815,3037.763764
30,3041.811463,2623.047815,3037.763764
31,3041.811463,2623.047815,3037.763764
32,3042.432223,2623.047815,3037.763764
33,3042.432223,2623.047815,3041.811463
34,3042.432223,2623.047815,3041.811463
35,3042.432223,2749.304841,3041.811463
36,3042.432223,2749.304841,3041.811463
37,3042.432223,2749.304841,3041.811463
38,3042.432223,2749.304841,3041.811463
39,3042.432223,2749.304841,3041.811463
40,3042.432223,2749.304841,3041.811463
41,3042.432223,2749.304841,3041.811463
42,3042.432223,2749.304841,3041.811463
43,3042.432223,2749.304841,3041.811463
44,3042.432223,2749.304841,3041.811463
45,3042.432223,2749.304841,3041.811463
46,3042.432223,2749.304841,3041.811463
47,3042.432223,2749.304841,3041.811463
48,3042.432223,2749.304841,3041.811463
49,3042.432223,2749.304841,3041.811463
50,3042.432223,2749.304841,3041.811463
51,3042.432223,2749.304841,3041.811463
52,3042.432223,2749.304841,3041.811463
53,3042.432223,2749.304841,3041.811463
54,3042.432223,2749.304841,3041.811463
55,3042.432223,2749.304841,3041.811463
56,3042.432223,2749.304841,3041.811463
57,3042.432223,2749.304841,3041.811463
58,3042.432223,2749.304841,3041.811463
59,3042.432223,2749.304841,3041.811463
60,3042.432223,2749.304841,3041.811463
61,3042.432223,2762.575379,3041.811463
62,3042.432223,2762.575379,3041.811463
63,3042.432223,2762.575379,3041.811463
64,3042.432223,2762.575379,3041.811463
65,3042.432223,2762.575379,3041.811463
66,3042.432223,2762.575379,3041.811463
67,3042.432223,2762.575379,3041.811463
68,3042.432223,2762.575379,3041.811463
69,3042.432223,2762.575379,3041.811463
70,3042.432223,2762.575379,3041.811463
71,3042.432223,2762.575379,3041.811463
72,3042.432223,2762.575379,3041.811463
73,3042.432223,2762.575379,3041.811463
74,3042.432223,2762.575379,3041.811463
75,3042.432223,2762.575379,3041.811463
76,3042.432223,2762.575379,3041.811463
77,3042.432223,2762.575379,3041.811463
78,3042.432223,2762.575379,3041.811463
79,3042.432223,2762.575379,3041.811463
80,3042.432223,2762.575379,3041.811463
81,3042.432223,2762.575379,3041.811463
82,3042.432223,2762.575379,3041.811463
83,3042.432223,2762.575379,3041.811463
84,3042.432223,2762.575379,3041.811463
85,3042.432223,2762.575379,3041.811463
86,3042.432223,2762.575379,3041.811463
87,3042.432223,2762.575379,3041.811463
88,3042.432223,2762.575379,3041.811463
89,3042.432223,2874.920395,3041.811463
90,3042.432223,2874.920395,3041.811463
91,3042.432223,2874.920395,3041.811463
92,3042.432223,2874.920395,3041.811463
93,3042.432223,2874.920395,3041.811463
94,3042.432223,2874.920395,3041.811463
95,3042.432223,2874.920395,3041.811463
96,3042.432223,2874.920395,3041.811463
97,3042.432223,2874.920395,3041.811463
98,3042.432223,2874.920395,3041.811463
99,3042.432223,2874.920395,3041.811463
100,3042.432223,2874.920395,3041.811463
101,3042.432223,2874.920395,3041.811463
102,3042.432223,2874.920395,3041.811463
103,3042.432223,2874.920395,3041.811463
104,3042.432223,2874.920395,3041.811463
105,3042.432223,2878.365219,3041.811463
106,3042.432223,2881.37187,3041.811463
107,3042.432223,2881.37187,3041.811463
108,3042.432223,2881.37187,3041.811463
109,3042.432223,2881.37187,3041.811463
110,3042.432223,2881.37187,3041.811463
111,3042.432223,2881.37187,3041.811463
112,3042.432223,2881.37187,3041.811463
113,3042.432223,2881.37187,3041.811463
114,3042.432223,2881.37187,3041.811463
115,3042.432223,2881.37187,3041.811463
116,3042.432223,2881.37187,3041.811463
117,3042.432223,2881.37187,3041.811463
118,3042.432223,2881.37187,3041.811463
119,3042.432223,2911.013128,3041.811463
120,3042.432223,2911.013128,3041.811463
121,3042.432223,2911.013128,3041.811463
122,3042.432223,2911.013128,3041.811463
123,3042.432223,2911.013128,3041.811463
124,3042.432223,2911.013128,3041.811463
125,3042.432223,2911.013128,3041.811463
126,3042.432223,2911.013128,3041.811463
127,3042.432223,2911.013128,3041.811463
128,3042.432223,2911.013128,3041.811463
129,3042.432223,2911.013128,3041.811463
130,3042.432223,2911.013128,3041.811463
131,3042.432223,2911.013128,3041.811463
132,3042.432223,2961.568003,3041.811463
133,3042.432223,2961.568003,3041.811463
134,3042.432223,2961.568003,3041.811463
135,3042.432223,2961.568003,3041.811463
136,3042.432223,2961.568003,3041.811463
137,3042.432223,2961.568003,3041.811463
138,3042.432223,2961.568003,3041.811463
139,3042.432223,2961.568003,3041.811463
140,3042.432223,2961.568003,3041.811463
141,3042.432223,2961.568003,3041.811463
142,3042.432223,2961.568003,3041.811463
143,3042.432223,2961.568003,3041.811463
144,3042.432223,2961.568003,3041.811463
145,3042.432223,2963.820696,3041.811463
146,3042.432223,2963.820696,3041.811463
147,3042.432223,2963.820696,3041.811463
148,3042.432223,2963.820696,3041.811463
149,3042.432223,2963.820696,3041.811463
150,3042.432223,2963.820696,3041.811463
151,3042.432223,2963.820696,3041.811463
152,3042.432223,2963.820696,3041.811463
153,3042.432223,2963.820696,3041.811463
154,3042.432223,2963.820696,3041.811463
155,3042.432223,2963.820696,3041.811463
156,3042.432223,2963.820696,3041.811463
157,3042.432223,2963.820696,3041.811463
158,3042.432223,2963.820696,3041.811463
159,3042.432223,2963.820696,3041.811463
160,3042.432223,2963.820696,3041.811463
161,3042.432223,2963.820696,3041.811463
162,3042.432223,2963.820696,3041.811463
163,3042.432223,2963.820696,3041.811463
164,3042.432223,2963.820696,3041.811463
165,3042.432223,2963.820696,3041.811463
166,3042.432223,2963.820696,3041.811463
167,3042.432223,2963.820696,3041.811463
168,3042.432223,2963.820696,3041.811463
169,3042.432223,2963.820696,3041.811463
170,3042.432223,2963.820696,3041.811463
171,3042.432223,2963.820696,3041.811463
172,3042.432223,2963.820696,3041.811463
173,3042.432223,2963.820696,3041.811463
174,3042.432223,2963.820696,3041.811463
175,3042.432223,2963.820696,3041.811463
176,3042.432223,2963.820696,3041.811463
177,3042.432223,2963.820696,3041.811463
178,3042.432223,2963.820696,3041.811463
179,3042.432223,2963.820696,3041.811463
180,3042.432223,2963.820696,3041.811463
181,3042.432223,2963.820696,3041.811463
182,3042.432223,2963.820696,3041.811463
183,3042.432223,2963.820696,3041.811463
184,3042.432223,2963.820696,3041.811463
185,3042.432223,2963.820696,3041.811463
186,3042.432223,2963.820696,3041.811463
187,3042.432223,2963.820696,3041.811463
188,3042.432223,2963.820696,3041.811463
189,3042.432223,2963.820696,3041.811463
190,3042.432223,2963.820696,3041.811463
191,3042.432223,2963.820696,3041.811463
192,3042.432223,2963.820696,3041.811463
193,3042.432223,2963.820696,3041.811463
194,3042.432223,2963.820696,3041.811463
195,3042.432223,2963.820696,3041.811463
196,3042.432223,2963.820696,3041.811463
197,3042.432223,2963.820696,3041.811463
198,3042.432223,2963.820696,3041.811463
199,3042.432223,2963.820696,3041.811463
200,3042.432223,2963.820696,3041.811463
201,3042.432223,2963.820696,3041.811463
202,3042.432223,2963.820696,3041.811463
203,3042.432223,2963.820696,3041.811463
204,3042.432223,2963.820696,3041.811463
205,3042.432223,2963.820696,3041.811463
206,3042.432223,2963.820696,3041.811463
207,3042.432223,2963.820696,3041.811463
208,3042.432223,2963.820696,3041.811463
209,3042.432223,2963.820696,3041.811463
210,3042.432223,2963.820696,3041.811463
211,3042.432223,2963.820696,3041.811463
212,3042.432223,2963.820696,3041.811463
213,3042.432223,2963.820696,3041.811463
214,3042.432223,2963.820696,3041.811463
215,3042.432223,2963.820696,3041.811463
216,3042.432223,2963.820696,3041.811463
217,3042.432223,2963.820696,3041.811463
218,3042.432223,2963.820696,3041.811463
219,3042.432223,2963.820696,3041.811463
220,3042.432223,2963.820696,3041.811463
221,3042.432223,2963.820696,3041.811463
222,3042.432223,2963.820696,3041.811463
223,3042.432223,2963.820696,3041.811463
224,3042.432223,2963.820696,3041.811463
225,3042.432223,2963.820696,3041.811463
226,3042.432223,2963.820696,3041.811463
227,3042.432223,2963.820696,3041.811463
228,3042.432223,2963.820696,3041.811463
229,3042.432223,2963.820696,3041.811463
230,3042.432223,2963.820696,3041.811463
231,3042.432223,2963.820696,3041.811463
232,3042.432223,2963.820696,3041.811463
233,3042.432223,2963.820696,3041.811463
234,3042.432223,2963.820696,3041.811463
235,3042.432223,2963.820696,3041.811463
236,3042.432223,2963.820696,3041.811463
237,3042.432223,2963.820696,3041.811463
238,3042.432223,2963.820696,3041.811463
239,3042.432223,2963.820696,3041.811463
240,3042.432223,2963.820696,3041.811463
241,3042.432223,2963.820696,3041.811463
242,3042.432223,2963.820696,3041.811463
243,3042.432223,2963.820696,3041.811463
244,3042.432223,2963.820696,3041.811463
245,3042.432223,2963.820696,3041.811463
246,3042.432223,2963.820696,3041.811463
247,3042.432223,2963.820696,3041.811463
248,3042.432223,2963.820696,3041.811463
249,3042.432223,2963.820696,3041.811463
250,3042.432223,2963.820696,3041.811463
251,3042.432223,2963.820696,3041.811463
252,3042.432223,2963.820696,3041.811463
253,3042.432223,2963.820696,3041.811463
254,3042.432223,2963.820696,3041.811463
255,3042.432223,2963.820696,3041.811463
256,3042.432223,2963.820696,3041.811463
257,3042.432223,2963.820696,3041.811463
258,3042.432223,2963.820696,3041.811463
259,3042.432223,2963.820696,3041.811463
260,3042.432223,2963.820696,3041.811463
261,3042.432223,2963.820696,3041.811463
262,3042.432223,2963.820696,3041.811463
263,3042.432223,2963.820696,3041.811463
264,3042.432223,2963.820696,3041.811463
265,3042.432223,2963.820696,3041.811463
266,3042.432223,2963.820696,3041.811463
267,3042.432223,2963.820696,3041.811463
268,3042.432223,2963.820696,3041.811463
269,3042.432223,2963.820696,3041.811463
270,3042.432223,2963.820696,3041.811463
271,3042.432223,2963.820696,3041.811463
272,3042.432223,2963.820696,3041.811463
273,3042.432223,2963.820696,3041.811463
274,3042.432223,2963.820696,3041.811463
275,3042.432223,2963.820696,3041.811463
276,3042.432223,2963.820696,3041.811463
277,3042.432223,2963.820696,3041.811463
278,3042.432223,2963.820696,3041.811463
279,3042.432223,2963.820696,3041.811463
280,3042.432223,2963.820696,3041.811463
281,3042.432223,2963.820696,3041.811463
282,3042.432223,2963.820696,3041.811463
283,3042.432223,2963.820696,3041.811463
284,3042.432223,2963.820696,3041.811463
285,3042.432223,2963.820696,3041.811463
286,3042.432223,2963.820696,3041.811463
287,3042.432223,2963.820696,3041.811463
288,3042.432223,2963.820696,3041.811463
289,3042.432223,2963.820696,3041.811463
290,3042.432223,2963.820696,3041.811463
291,3042.432223,2963.820696,3041.811463
292,3042.432223,2963.820696,3041.811463
293,3042.432223,2963.820696,3041.811463
294,3042.432223,2963.820696,3041.811463
295,3042.432223,2963.820696,3041.811463
296,3042.432223,2963.820696,3041.811463
297,3042.432223,2963.820696,3041.811463
298,3042.432223,2963.820696,3041.811463
299,3042.432223,2963.820696,3041.811463
300,3042.432223,2963.820696,3041.811463
301,3042.432223,2963.820696,3041.811463
302,3042.432223,2963.820696,3041.811463
303,3042.432223,2963.820696,3041.811463
304,3042.432223,2963.820696,3041.811463
305,3042.432223,2963.820696,3041.811463
306,3042.432223,2963.820696,3041.811463
307,3042.432223,2963.820696,3041.811463
308,3042.432223,2963.820696,3041.811463
309,3042.432223,2963.820696,3041.811463
310,3042.432223,2963.820696,3041.811463
311,3042.432223,2965.233508,3041.811463
312,3042.432223,2973.63864,3041.811463
313,3042.432223,2973.63864,3041.811463
314,3042.432223,2973.63864,3041.811463
315,3042.432223,2973.63864,3041.811463
316,3042.432223,2973.63864,3041.811463
317,3042.432223,2973.63864,3041.811463
318,3042.432223,2973.63864,3041.811463
319,3042.432223,2973.63864,3041.811463
320,3042.432223,2973.63864,3041.811463
321,3042.432223,2973.63864,3041.811463
322,3042.432223,2973.63864,3041.811463
323,3042.432223,2973.63864,3041.811463
324,3042.432223,2973.63864,3041.811463
325,3042.432223,2973.63864,3041.811463
326,3042.432223,2973.63864,3041.811463
327,3042.432223,2973.63864,3041.811463
328,3042.432223,2973.63864,3041.811463
329,3042.432223,2973.63864,3041.811463
330,3042.432223,2973.63864,3041.811463
331,3042.432223,2973.63864,3041.811463
332,3042.432223,2973.63864,3041.811463
333,3042.432223,2973.63864,3041.811463
334,3042.432223,2973.63864,3041.811463
335,3042.432223,2973.63864,3041.811463
336,3042.432223,2973.63864,3041.811463
337,3042.432223,2973.63864,3041.811463
338,3042.432223,2973.63864,3041.811463
339,3042.432223,2973.63864,3041.811463
340,3042.432223,2973.63864,3041.811463
341,3042.432223,2973.63864,3041.811463
342,3042.432223,2973.63864,3041.811463
343,3042.432223,2973.63864,3041.811463
344,3042.432223,2973.63864,3041.811463
345,3042.432223,2973.63864,3041.811463
346,3042.432223,2973.63864,3041.811463
347,3042.432223,2973.63864,3041.811463
348,3042.432223,2973.63864,3041.811463
349,3042.432223,2974.699657,3041.811463
350,3042.432223,2974.699657,3041.811463
351,3042.432223,2974.699657,3041.811463
352,3042.432223,2974.699657,3041.811463
353,3042.432223,2974.699657,3041.811463
354,3042.432223,2974.699657,3041.811463
355,3042.432223,2974.699657,3041.811463
356,3042.432223,2974.699657,3041.811463
357,3042.432223,2974.699657,3041.811463
358,3042.432223,2974.699657,3041.811463
359,3042.432223,2974.699657,3041.811463
360,3042.432223,2974.699657,3041.811463
361,3042.432223,2974.699657,3041.811463
362,3042.432223,2974.699657,3041.811463
363,3042.432223,2974.699657,3041.811463
364,3042.432223,2974.699657,3041.811463
365,3042.432223,2974.699657,3041.811463
366,3042.432223,2974.699657,3041.811463
367,3042.432223,2974.699657,3041.811463
368,3042.432223,2974.699657,3041.811463
369,3042.432223,2974.699657,3041.811463
370,3042.432223,2974.699657,3041.811463
371,3042.432223,2974.699657,3041.811463
372,3042.432223,2974.699657,3041.811463
373,3042.432223,2974.699657,3041.811463
374,3042.432223,2974.699657,3041.811463
375,3042.432223,2974.699657,3041.811463
376,3042.432223,2974.699657,3041.811463
377,3042.432223,2974.699657,3041.811463
378,3042.432223,2974.699657,3041.811463
379,3042.432223,2974.699657,3041.811463
380,3042.432223,2974.699657,3041.811463
381,3042.432223,2974.699657,3041.811463
382,3042.432223,2974.699657,3041.811463
383,3042.432223,2974.699657,3041.811463
384,3042.432223,2974.699657,3041.811463
385,3042.432223,2974.699657,3041.811463
386,3042.432223,2974.699657,3041.811463
387,3042.432223,2974.699657,3041.811463
388,3042.432223,2974.699657,3041.811463
389,3042.432223,2974.699657,3041.811463
390,3042.432223,2974.699657,3041.811463
391,3042.432223,2974.699657,3041.811463
392,3042.432223,2974.699657,3041.811463
393,3042.432223,2974.699657,3041.811463
394,3042.432223,2974.699657,3041.811463
395,3042.432223,2974.699657,3041.811463
396,3042.432223,2974.699657,3041.811463
397,3042.432223,2974.699657,3041.811463
398,3042.432223,2974.699657,3041.811463
399,3042.432223,2974.699657,3041.811463
400,3042.432223,2974.699657,3041.811463
401,3042.432223,2974.699657,3041.811463
402,3042.432223,2974.699657,3041.811463
403,3042.432223,2974.699657,3041.811463
404,3042.432223,2974.699657,3041.811463
405,3042.432223,2974.699657,3041.811463
406,3042.432223,2974.699657,3041.811463
407,3042.432223,2974.699657,3041.811463
408,3042.432223,2974.699657,3041.811463
409,3042.432223,2974.699657,3041.811463
410,3042.432223,2974.699657,3041.811463
411,3042.432223,2974.699657,3041.811463
412,3042.432223,2974.699657,3041.811463
413,3042.432223,2974.699657,3041.811463
414,3042.432223,2974.699657,3041.811463
415,3042.432223,2974.699657,3041.811463
416,3042.432223,2974.699657,3041.811463
417,3042.432223,2974.699657,3041.811463
418,3042.432223,2974.699657,3041.811463
419,3042.432223,2974.699657,3041.811463
420,3042.432223,2974.699657,3041.811463
421,3042.432223,2974.699657,3041.811463
422,3042.432223,2974.699657,3041.811463
423,3042.432223,2974.699657,3041.811463
424,3042.432223,2974.699657,3041.811463
425,3042.432223,2974.699657,3041.811463
426,3042.432223,2974.699657,3041.811463
427,3042.432223,2974.699657,3041.811463
428,3042.432223,2974.699657,3041.811463
429,3042.432223,2974.699657,3041.811463
430,3042.432223,2974.699657,3041.811463
431,3042.432223,2974.699657,3041.811463
432,3042.432223,2974.699657,3041.811463
433,3042.432223,2974.699657,3041.811463
434,3042.432223,2974.699657,3041.811463
435,3042.432223,2974.699657,3041.811463
436,3042.432223,2974.699657,3041.811463
437,3042.432223,2974.699657,3041.811463
438,3042.432223,2974.699657,3041.811463
439,3042.432223,2974.699657,3041.811463
440,3042.432223,2974.699657,3041.811463
441,3042.432223,2974.699657,3041.811463
442,3042.432223,2974.699657,3041.811463
443,3042.432223,2974.699657,3041.811463
444,3042.432223,2974.699657,3041.811463
445,3042.432223,2974.699657,3041.811463
446,3042.432223,2974.699657,3041.811463
447,3042.432223,2974.699657,3041.811463
448,3042.432223,2974.699657,3041.811463
449,3042.432223,2974.699657,3041.811463
450,3042.432223,2974.699657,3041.811463
451,3042.432223,2974.699657,3041.811463
452,3042.432223,2974.699657,3041.811463
453,3042.432223,2974.699657,3041.811463
454,3042.432223,2974.699657,3041.811463
455,3042.432223,2976.497615,3041.811463
456,3042.432223,2976.497615,3041.811463
457,3042.432223,2976.497615,3041.811463
458,3042.432223,2976.497615,3041.811463
459,3042.432223,2976.497615,3041.811463
460,3042.432223,2976.497615,3041.811463
461,3042.432223,2976.497615,3041.811463
462,3042.432223,2976.497615,3041.811463
463,3042.432223,2976.497615,3041.811463
464,3042.432223,2976.497615,3041.811463
465,3042.432223,2976.497615,3041.811463
466,3042.432223,2976.497615,3041.811463
467,3042.432223,2976.497615,3041.811463
468,3042.432223,2976.497615,3041.811463
469,3042.432223,2976.497615,3041.811463
470,3042.432223,2976.497615,3041.811463
471,3042.432223,2976.497615,3041.811463
472,3042.432223,2976.497615,3041.811463
473,3042.432223,2976.497615,3041.811463
474,3042.432223,2976.497615,3041.811463
475,3042.432223,2976.497615,3041.811463
476,3042.432223,2976.497615,3041.811463
477,3042.432223,2976.497615,3041.811463
478,3042.432223,2976.497615,3041.811463
479,3042.432223,2976.497615,3041.811463
480,3042.432223,2976.497615,3041.811463
481,3042.432223,2976.497615,3041.811463
482,3042.432223,2976.497615,3041.811463
483,3042.432223,2976.497615,3041.811463
484,3042.432223,2976.497615,3041.811463
485,3042.432223,2976.497615,3041.811463
486,3042.432223,2976.497615,3041.811463
487,3042.432223,2976.497615,3041.811463
488,3042.432223,2976.497615,3041.811463
489,3042.432223,2976.497615,3041.811463
490,3042.432223,2976.497615,3041.811463
491,3042.432223,2976.497615,3041.811463
492,3042.432223,2976.497615,3041.811463
493,3042.432223,2976.497615,3041.811463
494,3042.432223,2976.497615,3041.811463
495,3042.432223,2976.497615,3041.811463
496,3042.432223,2976.497615,3041.811463
497,3042.432223,2976.497615,3041.811463
498,3042.432223,2976.497615,3041.811463
499,3042.432223,2976.497615,3041.811463
500,3042.432223,2976.497615,3041.811463
501,3042.432223,2976.497615,3041.811463
502,3042.432223,2976.497615,3041.811463
503,3042.432223,2976.497615,3041.811463
504,3042.432223,2976.497615,3041.811463
505,3042.432223,2976.497615,3041.811463
506,3042.432223,2976.497615,3041.811463
507,3042.432223,2985.479072,3041.811463
508,3042.432223,2985.479072,3041.811463
509,3042.432223,2985.479072,3041.811463
510,3042.432223,2985.479072,3041.811463
511,3042.432223,2985.479072,3041.811463
512,3042.432223,2985.479072,3041.811463
513,3042.432223,2985.479072,3041.811463
514,3042.432223,2985.479072,3041.811463
515,3042.432223,2985.479072,3041.811463
516,3042.432223,2985.479072,3041.811463
517,3042.432223,2985.479072,3041.811463
518,3042.432223,2985.479072,3041.811463
519,3042.432223,2985.479072,3041.811463
520,3042.432223,2985.479072,3041.811463
521,3042.432223,2985.479072,3041.811463
522,3042.432223,2985.479072,3041.811463
523,3042.432223,2985.479072,3041.811463
524,3042.432223,2985.479072,3041.811463
525,3042.432223,2985.479072,3041.811463
526,3042.432223,2985.479072,3041.811463
527,3042.432223,2985.479072,3041.811463
528,3042.432223,2985.479072,3041.811463
529,3042.432223,2985.479072,3041.811463
530,3042.432223,2985.479072,3041.811463
531,3042.432223,2985.479072,3041.811463
532,3042.432223,2985.479072,3041.811463
533,3042.432223,2985.479072,3041.811463
534,3042.432223,2985.479072,3041.811463
535,3042.432223,2985.479072,3041.811463
536,3042.432223,2985.479072,3041.811463
537,3042.432223,2985.479072,3041.811463
538,3042.432223,2985.479072,3041.811463
539,3042.432223,2985.479072,3041.811463
540,3042.432223,2985.570615,3041.811463
541,3042.432223,2985.570615,3041.811463
542,3042.432223,2985.570615,3041.811463
543,3042.432223,2985.570615,3041.811463
544,3042.432223,2985.570615,3041.811463
545,3042.432223,2985.570615,3041.811463
546,3042.432223,2985.570615,3041.811463
547,3042.432223,2985.570615,3041.811463
548,3042.432223,2985.570615,3041.811463
549,3042.432223,2985.570615,3041.811463
550,3042.432223,2985.570615,3041.811463
551,3042.432223,2985.570615,3041.811463
552,3042.432223,2985.570615,3041.811463
553,3042.432223,2985.570615,3041.811463
554,3042.432223,2985.570615,3041.811463
555,3042.432223,2985.570615,3041.811463
556,3042.432223,2985.570615,3041.811463
557,3042.432223,2985.570615,3041.811463
558,3042.432223,2985.570615,3041.811463
559,3042.432223,2985.570615,3041.811463
560,3042.432223,2985.570615,3041.811463
561,3042.432223,2985.570615,3041.811463
562,3042.432223,2985.570615,3041.811463
563,3042.432223,2985.570615,3041.811463
564,3042.432223,2985.570615,3041.811463
565,3042.432223,2985.570615,3041.811463
566,3042.432223,2985.570615,3041.811463
567,3042.432223,2985.570615,3041.811463
568,3042.432223,2985.570615,3041.811463
569,3042.432223,2985.570615,3041.811463
570,3042.432223,2985.570615,3041.811463
571,3042.432223,2985.570615,3041.811463
572,3042.432223,2985.570615,3041.811463
573,3042.432223,2985.570615,3041.811463
574,3042.432223,2985.570615,3041.811463
575,3042.432223,2985.570615,3041.811463
576,3042.432223,2985.570615,3041.811463
577,3042.432223,2985.570615,3041.811463
578,3042.432223,2985.570615,3041.811463
579,3042.432223,2985.570615,3041.811463
580,3042.432223,2985.570615,3041.811463
581,3042.432223,2985.570615,3041.811463
582,3042.432223,2985.570615,3041.811463
583,3042.432223,2985.570615,3041.811463
584,3042.432223,2985.570615,3041.811463
585,3042.432223,2985.570615,3041.811463
586,3042.432223,2985.570615,3041.811463
587,3042.432223,2985.570615,3041.811463
588,3042.432223,2985.570615,3041.811463
589,3042.432223,2985.570615,3041.811463
590,3042.432223,2985.570615,3041.811463
591,3042.432223,2985.570615,3041.811463
592,3042.432223,2985.570615,3041.811463
593,3042.432223,2985.570615,3041.811463
594,3042.432223,2985.570615,3041.811463
595,3042.432223,2985.570615,3041.811463
596,3042.432223,2985.570615,3041.811463
597,3042.432223,2985.570615,3041.811463
598,3042.432223,2985.570615,3041.811463
599,3042.432223,2985.570615,3041.811463
600,3042.432223,2985.570615,3041.811463
601,3042.432223,2985.570615,3041.811463
602,3042.432223,2985.570615,3041.811463
603,3042.432223,2985.570615,3041.811463
604,3042.432223,2985.570615,3041.811463
605,3042.432223,2985.570615,3041.811463
606,3042.432223,2985.570615,3041.811463
607,3042.432223,2985.570615,3041.811463
608,3042.432223,2985.570615,3041.811463
609,3042.432223,2985.570615,3041.811463
610,3042.432223,2985.570615,3041.811463
611,3042.432223,2985.570615,3041.811463
612,3042.432223,2985.570615,3041.811463
613,3042.432223,2985.570615,3041.811463
614,3042.432223,2985.570615,3041.811463
615,3042.432223,2985.570615,3041.811463
616,3042.432223,2985.570615,3041.811463
617,3042.432223,2985.570615,3041.811463
618,3042.432223,2985.570615,3041.811463
619,3042.432223,2985.570615,3041.811463
620,3042.432223,2985.570615,3041.811463
621,3042.432223,2985.570615,3041.811463
622,3042.432223,2985.570615,3041.811463
623,3042.432223,2985.570615,3041.811463
624,3042.432223,2985.570615,3041.811463
625,3042.432223,2985.570615,3041.811463
626,3042.432223,2985.570615,3041.811463
627,3042.432223,2985.570615,3041.811463
628,3042.432223,2985.570615,3041.811463
629,3042.432223,2985.570615,3041.811463
630,3042.432223,2985.570615,3041.811463
631,3042.432223,2985.570615,3041.811463
632,3042.432223,2985.570615,3041.811463
633,3042.432223,2985.570615,3041.811463
634,3042.432223,2985.570615,3041.811463
635,3042.432223,2985.570615,3041.811463
636,3042.432223,2985.570615,3041.811463
637,3042.432223,2985.570615,3041.811463
638,3042.432223,2985.570615,3041.811463
639,3042.432223,2985.570615,3041.811463
640,3042.432223,2985.570615,3041.811463
641,3042.432223,2985.570615,3041.811463
642,3042.432223,2985.570615,3041.811463
643,3042.432223,2985.570615,3041.811463
644,3042.432223,2985.570615,3041.811463
645,3042.432223,2985.570615,3041.811463
646,3042.432223,2985.570615,3041.811463
647,3042.432223,2985.570615,3041.811463
648,3042.432223,2985.570615,3041.811463
649,3042.432223,2985.570615,3041.811463
650,3042.432223,2985.570615,3041.811463
651,3042.432223,2985.570615,3041.811463
652,3042.432223,2985.570615,3041.811463
653,3042.432223,2985.570615,3041.811463
654,3042.432223,2985.570615,3041.811463
655,3042.432223,2985.570615,3041.811463
656,3042.432223,2985.570615,3041.811463
657,3042.432223,2985.570615,3041.811463
658,3042.432223,2985.570615,3041.811463
659,3042.432223,2985.570615,3041.811463
660,3042.432223,2985.570615,3041.811463
661,3042.432223,2985.570615,3041.811463
662,3042.432223,2985.570615,3041.811463
663,3042.432223,2985.570615,3041.811463
664,3042.432223,2985.570615,3041.811463
665,3042.432223,2985.570615,3041.811463
666,3042.432223,2985.570615,3041.811463
667,3042.432223,2985.570615,3041.811463
668,3042.432223,2985.570615,3041.811463
669,3042.432223,2985.570615,3041.811463
670,3042.432223,2985.570615,3041.811463
671,3042.432223,2985.570615,3041.811463
672,3042.432223,2985.570615,3041.811463
673,3042.432223,2985.570615,3041.811463
674,3042.432223,2985.570615,3041.811463
675,3042.432223,2985.570615,3041.811463
676,3042.432223,2985.570615,3041.811463
677,3042.432223,2985.570615,3041.811463
678,3042.432223,2985.570615,3041.811463
679,3042.432223,2985.570615,3041.811463
680,3042.432223,2985.570615,3041.811463
681,3042.432223,2985.570615,3041.811463
682,3042.432223,2985.570615,3041.811463
683,3042.432223,2985.570615,3041.811463
684,3042.432223,2985.570615,3041.811463
685,3042.432223,2985.570615,3041.811463
686,3042.432223,2985.570615,3041.811463
687,3042.432223,2985.570615,3041.811463
688,3042.432223,2985.570615,3041.811463
689,3042.432223,2985.570615,3041.811463
690,3042.432223,2985.570615,3041.811463
691,3042.432223,2985.570615,3041.811463
692,3042.432223,2985.570615,3041.811463
693,3042.432223,2985.570615,3041.811463
694,3042.432223,2985.570615,3041.811463
695,3042.432223,2985.570615,3041.811463
696,3042.432223,2985.570615,3041.811463
697,3042.432223,2985.570615,3041.811463
698,3042.432223,2985.570615,3041.811463
699,3042.432223,2985.570615,3041.811463
700,3042.432223,2985.570615,3041.811463
701,3042.432223,2985.570615,3041.811463
702,3042.432223,2985.570615,3041.811463
703,3042.432223,2985.570615,3041.811463
704,3042.432223,2985.570615,3041.811463
705,3042.432223,2985.570615,3041.811463
706,3042.432223,2985.570615,3041.811463
707,3042.432223,2985.570615,3041.811463
708,3042.432223,2985.570615,3041.811463
709,3042.432223,2985.570615,3041.811463
710,3042.432223,2985.570615,3041.811463
711,3042.432223,2985.570615,3041.811463
712,3042.432223,2985.570615,3041.811463
713,3042.432223,2985.570615,3041.811463
714,3042.432223,2985.570615,3041.811463
715,3042.432223,2985.570615,3041.811463
716,3042.432223,2985.570615,3041.811463
717,3042.432223,2985.570615,3041.811463
718,3042.432223,2985.570615,3041.811463
719,3042.432223,2985.570615,3041.811463
720,3042.432223,2985.570615,3041.811463
721,3042.432223,2985.570615,3041.811463
722,3042.432223,2985.570615,3041.811463
723,3042.432223,2985.570615,3041.811463
724,3042.432223,2985.570615,3041.811463
725,3042.432223,2985.570615,3041.811463
726,3042.432223,2985.570615,3041.811463
727,3042.432223,2985.570615,3041.811463
728,3042.432223,3023.206556,3041.811463
729,3042.432223,3023.206556,3041.811463
730,3042.432223,3023.754539,3041.811463
731,3042.432223,3023.754539,3041.811463
732,3042.432223,3023.754539,3041.811463
733,3042.432223,3023.754539,3041.811463
734,3042.432223,3023.754539,3041.811463
735,3042.432223,3023.754539,3041.811463
736,3042.432223,3023.754539,3041.811463
737,3042.432223,3023.754539,3041.811463
738,3042.432223,3023.754539,3041.811463
739,3042.432223,3030.770623,3041.811463
740,3042.432223,3030.770623,3041.811463
741,3042.432223,3030.770623,3041.811463
742,3042.432223,3030.770623,3041.811463
743,3042.432223,3030.770623,3041.811463
744,3042.432223,3030.770623,3041.811463
745,3042.432223,3030.770623,3041.811463
746,3042.432223,3030.770623,3041.811463
747,3042.432223,3030.770623,3041.811463
748,3042.432223,3030.770623,3041.811463
749,3042.432223,3030.770623,3041.811463
750,3042.432223,3030.770623,3041.811463
751,3042.432223,3030.770623,3041.811463
752,3042.432223,3030.770623,3041.811463
753,3042.432223,3030.770623,3041.811463
754,3042.432223,3030.770623,3041.811463
755,3042.432223,3030.770623,3041.811463
756,3042.432223,3030.770623,3041.811463
757,3042.432223,3030.770623,3041.811463
758,3042.432223,3030.770623,3041.811463
759,3042.432223,3030.770623,3041.811463
760,3042.432223,3030.770623,3041.811463
761,3042.432223,3030.770623,3041.811463
762,3042.432223,3030.770623,3041.811463
763,3042.432223,3030.770623,3041.811463
764,3042.432223,3030.770623,3041.811463
765,3042.432223,3030.770623,3041.811463
766,3042.432223,3030.770623,3041.811463
767,3042.432223,3030.770623,3041.811463
768,3042.432223,3030.770623,3041.811463
769,3042.432223,3030.770623,3041.811463
770,3042.432223,3030.770623,3041.811463
771,3042.432223,3030.770623,3041.811463
772,3042.432223,3030.770623,3041.811463
773,3042.432223,3030.770623,3041.811463
774,3042.432223,3030.770623,3041.811463
775,3042.432223,3030.770623,3041.811463
776,3042.432223,3030.770623,3041.811463
777,3042.432223,3030.770623,3041.811463
778,3042.432223,3030.770623,3041.811463
779,3042.432223,3030.770623,3041.811463
780,3042.432223,3030.770623,3041.811463
781,3042.432223,3030.770623,3041.811463
782,3042.432223,3030.770623,3041.811463
783,3042.432223,3030.770623,3041.811463
784,3042.432223,3030.770623,3041.811463
785,3042.432223,3030.770623,3041.811463
786,3042.432223,3030.770623,3041.811463
787,3042.432223,3030.770623,3041.811463
788,3042.432223,3030.770623,3041.811463
789,3042.432223,3030.770623,3041.811463
790,3042.432223,3030.770623,3041.811463
791,3042.432223,3030.770623,3041.811463
792,3042.432223,3030.770623,3041.811463
793,3042.432223,3030.770623,3041.811463
794,3042.432223,3030.770623,3041.811463
795,3042.432223,3030.770623,3041.811463
796,3042.432223,3030.770623,3041.811463
797,3042.432223,3030.770623,3041.811463
798,3042.432223,3030.770623,3041.811463
799,3042.432223,3030.770623,3041.811463
800,3042.432223,3030.770623,3041.811463
801,3042.432223,3030.770623,3041.811463
802,3042.432223,3030.770623,3041.811463
803,3042.432223,3030.770623,3041.811463
804,3042.432223,3030.770623,3041.811463
805,3042.432223,3030.770623,3041.811463
806,3042.432223,3030.770623,3041.811463
807,3042.432223,3030.770623,3041.811463
808,3042.432223,3030.770623,3041.811463
809,3042.432223,3030.770623,3041.811463
810,3042.432223,3030.770623,3041.811463
811,3042.432223,3030.770623,3041.811463
812,3042.432223,3030.770623,3041.811463
813,3042.432223,3030.770623,3041.811463
814,3042.432223,3030.770623,3041.811463
815,3042.432223,3030.770623,3041.811463
816,3042.432223,3030.770623,3041.811463
817,3042.432223,3030.770623,3041.811463
818,3042.432223,3030.770623,3041.811463
819,3042.432223,3030.770623,3041.811463
820,3042.432223,3030.770623,3041.811463
821,3042.432223,3030.770623,3041.811463
822,3042.432223,3030.770623,3041.811463
823,3042.432223,3030.770623,3041.811463
824,3042.432223,3030.770623,3041.811463
825,3042.432223,3030.770623,3041.811463
826,3042.432223,3030.770623,3041.811463
827,3042.432223,3030.770623,3041.811463
828,3042.432223,3030.770623,3041.811463
829,3042.432223,3030.770623,3041.811463
830,3042.432223,3030.770623,3041.811463
831,3042.432223,3030.770623,3041.811463
832,3042.432223,3030.770623,3041.811463
833,3042.432223,3030.770623,3041.811463
834,3042.432223,3030.770623,3041.811463
835,3042.432223,3030.770623,3041.811463
836,3042.432223,3030.770623,3041.811463
837,3042.432223,3030.770623,3041.811463
838,3042.432223,3030.770623,3041.811463
839,3042.432223,3030.770623,3041.811463
840,3042.432223,3030.770623,3041.811463
841,3042.432223,3030.770623,3041.811463
842,3042.432223,3030.770623,3041.811463
843,3042.432223,3030.770623,3041.811463
844,3042.432223,3030.770623,3041.811463
845,3042.432223,3030.770623,3041.811463
846,3042.432223,3030.770623,3041.811463
847,3042.432223,3030.770623,3041.811463
848,3042.432223,3030.770623,3041.811463
849,3042.432223,3030.770623,3041.811463
850,3042.432223,3030.770623,3041.811463
851,3042.432223,3030.770623,3041.811463
852,3042.432223,3030.770623,3041.811463
853,3042.432223,3030.770623,3041.811463
854,3042.432223,3030.770623,3041.811463
855,3042.432223,3030.770623,3041.811463
856,3042.432223,3030.770623,3041.811463
857,3042.432223,3030.770623,3041.811463
858,3042.432223,3030.770623,3041.811463
859,3042.432223,3030.770623,3041.811463
860,3042.432223,3030.770623,3041.811463
861,3042.432223,3030.770623,3041.811463
862,3042.432223,3030.770623,3041.811463
863,3042.432223,3030.770623,3041.811463
864,3042.432223,3030.770623,3041.811463
865,3042.432223,3030.770623,3041.811463
866,3042.432223,3030.770623,3041.811463
867,3042.432223,3030.770623,3041.811463
868,3042.432223,3030.770623,3041.811463
869,3042.432223,3030.770623,3041.811463
870,3042.432223,3030.770623,3041.811463
871,3042.432223,3030.770623,3041.811463
872,3042.432223,3030.770623,3041.811463
873,3042.432223,3030.770623,3041.811463
874,3042.432223,3030.770623,3041.811463
875,3042.432223,3030.770623,3041.811463
876,3042.432223,3030.770623,3041.811463
877,3042.432223,3030.770623,3041.811463
878,3042.432223,3030.770623,3041.811463
879,3042.432223,3030.770623,3041.811463
880,3042.432223,3030.770623,3041.811463
881,3042.432223,3030.770623,3041.811463
882,3042.432223,3030.770623,3041.811463
883,3042.432223,3030.770623,3041.811463
884,3042.432223,3030.770623,3041.811463
885,3042.432223,3030.770623,3041.811463
886,3042.432223,3030.770623,3041.811463
887,3042.432223,3030.770623,3041.811463
888,3042.432223,3030.770623,3041.811463
889,3042.432223,3030.770623,3041.811463
890,3042.432223,3030.770623,3041.811463
891,3042.432223,3030.770623,3041.811463
892,3042.432223,3030.770623,3041.811463
893,3042.432223,3030.770623,3041.811463
894,3042.432223,3030.770623,3041.811463
895,3042.432223,3030.770623,3041.811463
896,3042.432223,3030.770623,3041.811463
897,3042.432223,3030.770623,3041.811463
898,3042.432223,3030.770623,3041.811463
899,3042.432223,3030.770623,3041.811463
900,3042.432223,3030.770623,3041.811463
901,3042.432223,3030.770623,3041.811463
902,3042.432223,3030.770623,3041.811463
903,3042.432223,3030.770623,3041.811463
904,3042.432223,3030.770623,3041.811463
905,3042.432223,3030.770623,3041.811463
906,3042.432223,3030.770623,3041.811463
907,3042.432223,3030.770623,3041.811463
908,3042.432223,3030.770623,3041.811463
909,3042.432223,3030.770623,3041.811463
910,3042.432223,3030.770623,3041.811463
911,3042.432223,3030.770623,3041.811463
912,3042.432223,3030.770623,3041.811463
913,3042.432223,3030.770623,3041.811463
914,3042.432223,3030.770623,3041.811463
915,3042.432223,3030.770623,3041.811463
916,3042.432223,3030.770623,3041.811463
917,3042.432223,3030.770623,3041.811463
918,3042.432223,3030.770623,3041.811463
919,3042.432223,3030.770623,3041.811463
920,3042.432223,3030.770623,3041.811463
921,3042.432223,3030.770623,3041.811463
922,3042.432223,3030.770623,3041.811463
923,3042.432223,3030.770623,3041.811463
924,3042.432223,3030.770623,3041.811463
925,3042.432223,3030.770623,3041.811463
926,3042.432223,3030.770623,3041.811463
927,3042.432223,3030.770623,3041.811463
928,3042.432223,3030.770623,3041.811463
929,3042.432223,3030.770623,3041.811463
930,3042.432223,3030.770623,3041.811463
931,3042.432223,3030.770623,3041.811463
932,3042.432223,3030.770623,3041.811463
933,3042.432223,3030.770623,3041.811463
934,3042.432223,3030.770623,3041.811463
935,3042.432223,3030.770623,3041.811463
936,3042.432223,3030.770623,3041.811463
937,3042.432223,3030.770623,3041.811463
938,3042.432223,3030.770623,3041.811463
939,3042.432223,3030.770623,3041.811463
940,3042.432223,3030.770623,3041.811463
941,3042.432223,3030.770623,3041.811463
942,3042.432223,3030.770623,3041.811463
943,3042.432223,3030.770623,3041.811463
944,3042.432223,3030.770623,3041.811463
945,3042.432223,3030.770623,3041.811463
946,3042.432223,3030.770623,3041.811463
947,3042.432223,3030.770623,3041.811463
948,3042.432223,3030.770623,3041.811463
949,3042.432223,3030.770623,3041.811463
950,3042.432223,3030.770623,3041.811463
951,3042.432223,3030.770623,3041.811463
952,3042.432223,3030.770623,3041.811463
953,3042.432223,3030.770623,3041.811463
954,3042.432223,3030.770623,3041.811463
955,3042.432223,3030.770623,3041.811463
956,3042.432223,3030.770623,3041.811463
957,3042.432223,3030.770623,3041.811463
958,3042.432223,3030.770623,3041.811463
959,3042.432223,3030.770623,3041.811463
960,3042.432223,3030.770623,3041.811463
961,3042.432223,3030.770623,3041.811463
962,3042.432223,3030.770623,3041.811463
963,3042.432223,3030.770623,3041.811463
964,3042.432223,3030.770623,3041.811463
965,3042.432223,3030.770623,3041.811463
966,3042.432223,3030.770623,3041.811463
967,3042.432223,3030.770623,3041.811463
968,3042.432223,3030.770623,3041.811463
969,3042.432223,3030.770623,3041.811463
970,3042.432223,3030.770623,3041.811463
971,3042.432223,3030.770623,3041.811463
972,3042.432223,3030.770623,3041.811463
973,3042.432223,3030.770623,3041.811463
974,3042.432223,3030.770623,3041.811463
975,3042.432223,3030.770623,3041.811463
976,3042.432223,3030.770623,3041.811463
977,3042.432223,3030.770623,3041.811463
978,3042.432223,3030.770623,3041.811463
979,3042.432223,3030.770623,3041.811463
980,3042.432223,3030.770623,3041.811463
981,3042.432223,3030.770623,3041.811463
982,3042.432223,3030.770623,3041.811463
983,3042.432223,3030.770623,3041.811463
984,3042.432223,3030.770623,3041.811463
985,3042.432223,3030.770623,3041.811463
986,3042.432223,3030.770623,3041.811463
987,3042.432223,3030.770623,3041.811463
988,3042.432223,3030.770623,3041.811463
989,3042.432223,3030.770623,3041.811463
990,3042.432223,3030.770623,3041.811463
991,3042.432223,3030.770623,3041.811463
992,3042.432223,3030.770623,3041.811463
993,3042.432223,3030.770623,3041.811463
994,3042.432223,3030.770623,3041.811463
995,3042.432223,3030.770623,3041.811463
996,3042.432223,3030.770623,3041.811463
997,3042.432223,3030.770623,3041.811463
998,3042.432223,3030.770623,3041.811463
999,3042.432223,3030.770623,3041.811463
